Name, CI_Master_Default_Bologna,CI_Master_Default_Eugene,CI_Class2_Default,CI_Class3_Default,CI_Class4_Default,CI_Class5_Default,CI_Class6_Default,CI_Class7_Default,CI_Class8_Default,CI_Class9_Default,CI_Class10_Default,CI_Class11_Default,CI_Class12_Default,CI_Class13_Default,Observed,Result
ETTE,0D00000000000000000000000000000000000000,0D00000000000000000000000000000000000000,,,,,,,,,,,,,$%,FAILED
DDTI,60,60,,,,,,,,,,,,,$>3C,FAILED
PWRD,00,00,,,,,,,,,,,,,$>00,PASSED
DDTH,625,625,,,,,,,,,,,,,$>0271,FAILED
BBFT,02,02,,,,,,,,,,,,,$>02,PASSED
ETDD,00,00,,,,,,,,,,,,,$%,FAILED
ETLP,52000,52000,,,,,,,,,,,,,$%,FAILED
ETAI,00,00,,,,,,,,,,,,,$%,FAILED
ULPE,01,01,,,,,,,,,,,,,$>01,PASSED
SNLS,01,01,,,,,,,,,,,,,$>01,PASSED
SNHS,01,01,,,,,,,,,,,,,$>01,PASSED
SNHD,00,00,,,,,,,,,,,,,$>00,PASSED
SNBL,01,01,,,,,,,,,,,,,$>01,PASSED
SNBL,,,,,,,,,,,,,,,$>01,FAILED
SITF,47,47,,,,,,,,,,,,,$>47,PASSED
RFTA,01,01,,,,,,,,,,,,,$>01,PASSED
RFPP,00,00,,,,,,,,,,,,,$>00,PASSED
RFEA,01,01,,,,,,,,,,,,,$>01,PASSED
RFDA,00,00,,,,,,,,,,,,,$>00,PASSED
RFCA,00,00,,,,,,,,,,,,,$>00,PASSED
PWE2,00000000000000000000000000000000,00000000000000000000000000000000,,,,,,,,,,,,,$>00000000000000000000000000000000,PASSED
PWE1,00,00,,,,,,,,,,,,,$>00000000000000000000000000000000,FAILED
KF51,0000,0000,,,,,,,,,,,,,$>00,FAILED
KF41,0000,0000,,,,,,,,,,,,,$>00,FAILED
KF31,0000,0000,,,,,,,,,,,,,$>00,FAILED
KF23,0000,0000,,,,,,,,,,,,,$>00,FAILED
KF22,0000,0000,,,,,,,,,,,,,$>00,FAILED
KF21,0000,0000,,,,,,,,,,,,,$>00,FAILED
KF13,0000,0000,,,,,,,,,,,,,$>00,FAILED
KF12,0000,0000,,,,,,,,,,,,,$>00,FAILED
KF11,0000,0000,,,,,,,,,,,,,$>00,FAILED
GSAL,00,00,,,,,,,,,,,,,$>00,PASSED
FAMC,,,,,,,,,,,,,,,$>3030303031,FAILED
DTTW,C8,C8,,,,,,,,,,,,,$>C8,PASSED
DTTL,04,04,,,,,,,,,,,,,$>04,PASSED
DTTH,50,50,,,,,,,,,,,,,$>50,PASSED
DTLA,64,64,,,,,,,,,,,,,$>64,PASSED
DLDE,01,01,,,,,,,,,,,,,$>01,PASSED
BTWF,00000000000000000000,00000000000000000000,,,,,,,,,,,,,$%,FAILED
BTSL,01,01,,,,,,,,,,,,,$%,FAILED
BTSF,00,00,,,,,,,,,,,,,$%,FAILED
BTLD,00,00,,,,,,,,,,,,,$%,FAILED
BTDT,02,02,,,,,,,,,,,,,$%,FAILED
BTCR,00,00,,,,,,,,,,,,,$%,FAILED
BTAC,00,00,,,,,,,,,,,,,$%,FAILED
BSPD,00,00,,,,,,,,,,,,,$%,FAILED
BPCE,01,01,,,,,,,,,,,,,$>01,PASSED
BLAR,01,01,,,,,,,,,,,,,$>01,PASSED
BCHP,00,00,,,,,,,,,,,,,$>00,PASSED
BALM,32,32,,,,,,,,,,,,,$>32,PASSED
DLSF,,,,,,,,,,,,,,,$%,PASSED
DLFF,,,,,,,,,,,,,,,$%,PASSED
DLDF,,,,,,,,,,,,,,,$%,PASSED
DLFS,,,,,,,,,,,,,,,$%,PASSED
DLEN,,,,,,,,,,,,,,,$%,PASSED
T4SF,,,,,,,,,,,,,,,$%,PASSED
T4TO,,,,,,,,,,,,,,,$%,PASSED
T4A2,,,,,,,,,,,,,,,$%,PASSED
T4A1,,,,,,,,,,,,,,,$%,PASSED
T45R,,,,,,,,,,,,,,,$%,PASSED
T45T,,,,,,,,,,,,,,,$%,PASSED
T45S,,,,,,,,,,,,,,,$%,PASSED
T45L,,,,,,,,,,,,,,,$%,PASSED
T45C,,,,,,,,,,,,,,,$%,PASSED
T44R,,,,,,,,,,,,,,,$%,PASSED
T44T,,,,,,,,,,,,,,,$%,PASSED
T44S,,,,,,,,,,,,,,,$%,PASSED
T44L,,,,,,,,,,,,,,,$%,PASSED
T44C,,,,,,,,,,,,,,,$%,PASSED
T43R,,,,,,,,,,,,,,,$%,PASSED
T43T,,,,,,,,,,,,,,,$%,PASSED
T43S,,,,,,,,,,,,,,,$%,PASSED
T43L,,,,,,,,,,,,,,,$%,PASSED
T43C,,,,,,,,,,,,,,,$%,PASSED
T42R,,,,,,,,,,,,,,,$%,PASSED
T42T,,,,,,,,,,,,,,,$%,PASSED
T42S,,,,,,,,,,,,,,,$%,PASSED
T42L,,,,,,,,,,,,,,,$%,PASSED
T42C,,,,,,,,,,,,,,,$%,PASSED
T41R,,,,,,,,,,,,,,,$%,PASSED
T41T,,,,,,,,,,,,,,,$%,PASSED
T41S,,,,,,,,,,,,,,,$%,PASSED
T41L,,,,,,,,,,,,,,,$%,PASSED
T41C,,,,,,,,,,,,,,,$%,PASSED
T4RR,,,,,,,,,,,,,,,$%,PASSED
T4RF,,,,,,,,,,,,,,,$%,PASSED
T4RE,,,,,,,,,,,,,,,$%,PASSED
T4AN,,,,,,,,,,,,,,,$%,PASSED
T4AT,,,,,,,,,,,,,,,$%,PASSED
T4AC,,,,,,,,,,,,,,,$%,PASSED
T4AE,,,,,,,,,,,,,,,$%,PASSED
T4MP,,,,,,,,,,,,,,,$%,PASSED
T4MC,,,,,,,,,,,,,,,$%,PASSED
T4ML,,,,,,,,,,,,,,,$%,PASSED
T4MT,,,,,,,,,,,,,,,$%,PASSED
T4EN,,,,,,,,,,,,,,,$%,PASSED
T3SF,,,,,,,,,,,,,,,$%,PASSED
T3TO,,,,,,,,,,,,,,,$%,PASSED
T3A2,,,,,,,,,,,,,,,$%,PASSED
T3A1,,,,,,,,,,,,,,,$%,PASSED
T35R,,,,,,,,,,,,,,,$%,PASSED
T35T,,,,,,,,,,,,,,,$%,PASSED
T35S,,,,,,,,,,,,,,,$%,PASSED
T35L,,,,,,,,,,,,,,,$%,PASSED
T35C,,,,,,,,,,,,,,,$%,PASSED
T34R,,,,,,,,,,,,,,,$%,PASSED
T34T,,,,,,,,,,,,,,,$%,PASSED
T34S,,,,,,,,,,,,,,,$%,PASSED
T34L,,,,,,,,,,,,,,,$%,PASSED
T34C,,,,,,,,,,,,,,,$%,PASSED
T33R,,,,,,,,,,,,,,,$%,PASSED
T33T,,,,,,,,,,,,,,,$%,PASSED
T33S,,,,,,,,,,,,,,,$%,PASSED
T33L,,,,,,,,,,,,,,,$%,PASSED
T33C,,,,,,,,,,,,,,,$%,PASSED
T32R,,,,,,,,,,,,,,,$%,PASSED
T32T,,,,,,,,,,,,,,,$%,PASSED
T32S,,,,,,,,,,,,,,,$%,PASSED
T32L,,,,,,,,,,,,,,,$%,PASSED
T32C,,,,,,,,,,,,,,,$%,PASSED
T31R,,,,,,,,,,,,,,,$%,PASSED
T31T,,,,,,,,,,,,,,,$%,PASSED
T31S,,,,,,,,,,,,,,,$%,PASSED
T31L,,,,,,,,,,,,,,,$%,PASSED
T31C,,,,,,,,,,,,,,,$%,PASSED
T3RR,,,,,,,,,,,,,,,$%,PASSED
T3RF,,,,,,,,,,,,,,,$%,PASSED
T3RE,,,,,,,,,,,,,,,$%,PASSED
T3AN,,,,,,,,,,,,,,,$%,PASSED
T3AT,,,,,,,,,,,,,,,$%,PASSED
T3AC,,,,,,,,,,,,,,,$%,PASSED
T3AE,,,,,,,,,,,,,,,$%,PASSED
T3MP,,,,,,,,,,,,,,,$%,PASSED
T3MC,,,,,,,,,,,,,,,$%,PASSED
T3ML,,,,,,,,,,,,,,,$%,PASSED
T3MT,,,,,,,,,,,,,,,$%,PASSED
T3EN,,,,,,,,,,,,,,,$%,PASSED
T2SF,,,,,,,,,,,,,,,$%,PASSED
T2TO,,,,,,,,,,,,,,,$%,PASSED
T2A2,,,,,,,,,,,,,,,$%,PASSED
T2A1,,,,,,,,,,,,,,,$%,PASSED
T25R,,,,,,,,,,,,,,,$%,PASSED
T25T,,,,,,,,,,,,,,,$%,PASSED
T25S,,,,,,,,,,,,,,,$%,PASSED
T25L,,,,,,,,,,,,,,,$%,PASSED
T25C,,,,,,,,,,,,,,,$%,PASSED
T24R,,,,,,,,,,,,,,,$%,PASSED
T24T,,,,,,,,,,,,,,,$%,PASSED
T24S,,,,,,,,,,,,,,,$%,PASSED
T24L,,,,,,,,,,,,,,,$%,PASSED
T24C,,,,,,,,,,,,,,,$%,PASSED
T23R,,,,,,,,,,,,,,,$%,PASSED
T23T,,,,,,,,,,,,,,,$%,PASSED
T23S,,,,,,,,,,,,,,,$%,PASSED
T23L,,,,,,,,,,,,,,,$%,PASSED
T23C,,,,,,,,,,,,,,,$%,PASSED
T22R,,,,,,,,,,,,,,,$%,PASSED
T22T,,,,,,,,,,,,,,,$%,PASSED
T22S,,,,,,,,,,,,,,,$%,PASSED
T22L,,,,,,,,,,,,,,,$%,PASSED
T22C,,,,,,,,,,,,,,,$%,PASSED
T21R,,,,,,,,,,,,,,,$%,PASSED
T21T,,,,,,,,,,,,,,,$%,PASSED
T21S,,,,,,,,,,,,,,,$%,PASSED
T21L,,,,,,,,,,,,,,,$%,PASSED
T21C,,,,,,,,,,,,,,,$%,PASSED
T2RR,,,,,,,,,,,,,,,$%,PASSED
T2RF,,,,,,,,,,,,,,,$%,PASSED
T2RE,,,,,,,,,,,,,,,$%,PASSED
T2AN,,,,,,,,,,,,,,,$%,PASSED
T2AT,,,,,,,,,,,,,,,$%,PASSED
T2AC,,,,,,,,,,,,,,,$%,PASSED
T2AE,,,,,,,,,,,,,,,$%,PASSED
T2MP,,,,,,,,,,,,,,,$%,PASSED
T2MC,,,,,,,,,,,,,,,$%,PASSED
T2ML,,,,,,,,,,,,,,,$%,PASSED
T2MT,,,,,,,,,,,,,,,$%,PASSED
T2EN,,,,,,,,,,,,,,,$%,PASSED
T1SF,,,,,,,,,,,,,,,$%,PASSED
T1TO,,,,,,,,,,,,,,,$%,PASSED
T1A2,,,,,,,,,,,,,,,$%,PASSED
T1A1,,,,,,,,,,,,,,,$%,PASSED
T15R,,,,,,,,,,,,,,,$%,PASSED
T15T,,,,,,,,,,,,,,,$%,PASSED
T15S,,,,,,,,,,,,,,,$%,PASSED
T15L,,,,,,,,,,,,,,,$%,PASSED
T15C,,,,,,,,,,,,,,,$%,PASSED
T14R,,,,,,,,,,,,,,,$%,PASSED
T14T,,,,,,,,,,,,,,,$%,PASSED
T14S,,,,,,,,,,,,,,,$%,PASSED
T14L,,,,,,,,,,,,,,,$%,PASSED
T14C,,,,,,,,,,,,,,,$%,PASSED
T13R,,,,,,,,,,,,,,,$%,PASSED
T13T,,,,,,,,,,,,,,,$%,PASSED
T13S,,,,,,,,,,,,,,,$%,PASSED
T13L,,,,,,,,,,,,,,,$%,PASSED
T13C,,,,,,,,,,,,,,,$%,PASSED
T12R,,,,,,,,,,,,,,,$%,PASSED
T12T,,,,,,,,,,,,,,,$%,PASSED
T12S,,,,,,,,,,,,,,,$%,PASSED
T12L,,,,,,,,,,,,,,,$%,PASSED
T12C,,,,,,,,,,,,,,,$%,PASSED
T11R,,,,,,,,,,,,,,,$%,PASSED
T11T,,,,,,,,,,,,,,,$%,PASSED
T11S,,,,,,,,,,,,,,,$%,PASSED
T11L,,,,,,,,,,,,,,,$%,PASSED
T11C,,,,,,,,,,,,,,,$%,PASSED
T1RR,,,,,,,,,,,,,,,$%,PASSED
T1RF,,,,,,,,,,,,,,,$%,PASSED
T1RE,,,,,,,,,,,,,,,$%,PASSED
T1AN,,,,,,,,,,,,,,,$%,PASSED
T1AT,,,,,,,,,,,,,,,$%,PASSED
T1AC,,,,,,,,,,,,,,,$%,PASSED
T1AE,,,,,,,,,,,,,,,$%,PASSED
T1MP,,,,,,,,,,,,,,,$%,PASSED
T1MC,,,,,,,,,,,,,,,$%,PASSED
T1ML,,,,,,,,,,,,,,,$%,PASSED
T1MT,,,,,,,,,,,,,,,$%,PASSED
T1EN,,,,,,,,,,,,,,,$%,PASSED
CNTT,,,,,,,,,,,,,,,$%,PASSED
CNTO,,,,,,,,,,,,,,,$%,PASSED
CNRT,,,,,,,,,,,,,,,$%,PASSED
CNL2,,,,,,,,,,,,,,,$%,PASSED
CNT2,,,,,,,,,,,,,,,$%,PASSED
CNL1,,,,,,,,,,,,,,,$%,PASSED
CNT1,,,,,,,,,,,,,,,$%,PASSED
CNEN,,,,,,,,,,,,,,,$%,PASSED
AFNM,,,,,,,,,,,,,,,$%,PASSED
XCEM,00,00,,,,,,,,,,,,,$%,FAILED
UITA,00,00,,,,,,,,,,,,,$>00,PASSED
UISM,00,00,,,,,,,,,,,,,$>00,PASSED
VBPE,00,00,,,,,,,,,,,,,$>00,PASSED
UCEM,00,00,,,,,,,,,,,,,$%,FAILED
TLLC,00,00,,,,,,,,,,,,,$>00,PASSED
TLL2,0174,0174,,,,,,,,,,,,,$>0174,PASSED
TLL1,0007,0007,,,,,,,,,,,,,$>0007,PASSED
TLID,247600,247600,,,,,,,,,,,,,$>247600,PASSED
TLAI,00,00,,,,,,,,,,,,,$>00,PASSED
TLEN,00,00,,,,,,,,,,,,,$>00,PASSED
SPSE,64,64,,,,,,,,,,,,,$%,FAILED
SMTA,65,65,,,,,,,,,,,,,$%,FAILED
SMSM,00,00,,,,,,,,,,,,,$%,FAILED
SMAS,00,00,,,,,,,,,,,,,$%,FAILED
QRET,01,01,,,,,,,,,,,,,$>01,PASSED
P4ET,01,01,,,,,,,,,,,,,$>01,PASSED
MXET,01,01,,,,,,,,,,,,,$>01,PASSED
MIET,01,01,,,,,,,,,,,,,$>01,PASSED
LOGT,0A,0A,,,,,,,,,,,,,$%,FAILED
LCEM,00,00,,,,,,,,,,,,,$%,FAILED
ECEM,00,00,,,,,,,,,,,,,$%,FAILED
DMET,01,01,,,,,,,,,,,,,$>01,PASSED
DMEC,00,00,,,,,,,,,,,,,$>00,PASSED
DCET,01,01,,,,,,,,,,,,,$>01,PASSED
CSET,01,01,,,,,,,,,,,,,$>01,PASSED
CMET,01,01,,,,,,,,,,,,,$>01,PASSED
AZET,01,01,,,,,,,,,,,,,$>01,PASSED
ACEM,00,00,,,,,,,,,,,,,$%,FAILED
8CEM,00,00,,,,,,,,,,,,,$%,FAILED
4CEM,00,00,,,,,,,,,,,,,$%,FAILED
3CEM,00,00,,,,,,,,,,,,,$%,FAILED
ETPT,05,05,,,,,,,,,,,,,$%,FAILED
ETPM,00,00,,,,,,,,,,,,,$%,FAILED
DCLC,00,00,,,,,,,,,,,,,$>00,PASSED
DCL2,32,32,,,,,,,,,,,,,$>0032,FAILED
DCL1,03,03,,,,,,,,,,,,,$>0003,FAILED
USTM,14,14,,,,,,,,,,,,,$>14,PASSED
SNTR,01,01,,,,,,,,,,,,,$>01,PASSED
P1LC,00,00,,,,,,,,,,,,,$>00,PASSED
P1L2,06,06,,,,,,,,,,,,,$>06,PASSED
P1L1,02,02,,,,,,,,,,,,,$>02,PASSED
P1ID,5E7000,5E7000,,,,,,,,,,,,,$>5E7000,PASSED
P1DI,00,00,,,,,,,,,,,,,$>00,PASSED
P1EN,00,00,,,,,,,,,,,,,$>00,PASSED
P1AI,00,00,,,,,,,,,,,,,$>00,PASSED
OMID,246D00,246D00,,,,,,,,,,,,,$>246D00,PASSED
OMAI,00,00,,,,,,,,,,,,,$>00,PASSED
OBID,247000,247000,,,,,,,,,,,,,$>247000,PASSED
OBAI,00,00,,,,,,,,,,,,,$>00,PASSED
OAID,246F00,246F00,,,,,,,,,,,,,$>246F00,PASSED
OAAI,00,00,,,,,,,,,,,,,$>00,PASSED
LBID,760000,524C00,,450000,523400,,,,,,760000,,,523400,$>760000,FAILED
LADI,01,01,,,,,,,,,,,,,$%,FAILED
LADF,01,01,,,,,,,,,,,,,$%,FAILED
IPAG,01,01,,,,,,,,,,,,,$>01,PASSED
FSEN,01,01,,,,,,,,,,,,,$>01,PASSED
FAMC,3030303031,3030303031,,,,,,,,,,,,,$>3030303031,PASSED
DWSC,03,03,,,,,,,,,,,,,$>03,PASSED
DWPR,00,00,,,,,,,,,,,,,$%,FAILED
DWID,2B0000,2B0000,,,,,,,,,,,,,$>2B0000,PASSED
DWEN,00,00,,,,,,,,,,,,,$>00,PASSED
DWAI,00,00,,,,,,,,,,,,,$>00,PASSED
DPME,01,01,,,,,,,,,,,,,$%,FAILED
DGTM,00,00,,,,,,,,,,,,,$%,FAILED
DDBE,00,00,,,,,,,,,,,,,$>00,PASSED
DCID,246400,246400,,,,,,,,,,,,,$>246400,PASSED
DCAI,00,00,,,,,,,,,,,,,$>00,PASSED
R2AL,00,00,,,,,,,,,,,,,$>00,PASSED
PCLC,00,00,,,,,,,,,,,,,$%,FAILED
PCL2,06,06,,,,,,,,,,,,,$%,FAILED
PCL1,02,02,,,,,,,,,,,,,$%,FAILED
PCDI,00,00,,,,,,,,,,,,,$%,FAILED
PCEN,00,00,,,,,,,,,,,,,$%,FAILED
DETP,03,03,,,,,,,,,,,,,$>03,PASSED
I2FE,00,00,,,,,,,,,,,,,$>00,PASSED
TSKC,00,00,,,,,,,,,,,,,$%,FAILED
DS10,0000000000000000000000000000000000000000,0000000000000000000000000000000000000000,,,,,,,,,,,,,$>0000000000000000000000000000000000000000,PASSED
DS09,0000000000000000000000000000000000000000,0000000000000000000000000000000000000000,,,,,,,,,,,,,$>0000000000000000000000000000000000000000,PASSED
DS08,0000000000000000000000000000000000000000,0000000000000000000000000000000000000000,,,,,,,,,,,,,$>0000000000000000000000000000000000000000,PASSED
DS07,0000000000000000000000000000000000000000,0000000000000000000000000000000000000000,,,,,,,,,,,,,$>0000000000000000000000000000000000000000,PASSED
DS06,0000000000000000000000000000000000000000,0000000000000000000000000000000000000000,,,,,,,,,,,,,$>0000000000000000000000000000000000000000,PASSED
DS05,0000000000000000000000000000000000000000,0000000000000000000000000000000000000000,,,,,,,,,,,,,$>0000000000000000000000000000000000000000,PASSED
DS04,0000000000000000000000000000000000000000,0000000000000000000000000000000000000000,,,,,,,,,,,,,$>0000000000000000000000000000000000000000,PASSED
DS03,0000000000000000000000000000000000000000,0000000000000000000000000000000000000000,,,,,,,,,,,,,$>0000000000000000000000000000000000000000,PASSED
DS02,0000000000000000000000000000000000000000,0000000000000000000000000000000000000000,,,,,,,,,,,,,$>0000000000000000000000000000000000000000,PASSED
DS01,0000000000000000000000000000000000000000,0000000000000000000000000000000000000000,,,,,,,,,,,,,$>0000000000000000000000000000000000000000,PASSED
DN10,00,00,,,,,,,,,,,,,$>00,PASSED
DN09,00,00,,,,,,,,,,,,,$>00,PASSED
DN08,00,00,,,,,,,,,,,,,$>00,PASSED
DN07,00,00,,,,,,,,,,,,,$>00,PASSED
DN06,00,00,,,,,,,,,,,,,$>00,PASSED
DN05,00,00,,,,,,,,,,,,,$>00,PASSED
DN04,00,00,,,,,,,,,,,,,$>00,PASSED
DN03,00,00,,,,,,,,,,,,,$>00,PASSED
DN02,00,00,,,,,,,,,,,,,$>00,PASSED
DN01,00,00,,,,,,,,,,,,,$>00,PASSED
SNPF,00,00,,,,,,,,,,,,,$%,FAILED
OCMU,01,01,,,,,,,,,,,,,$>01,PASSED
OCEN,00000000,00000000,,,,,,,,,,,,,$>00000000,PASSED
OCCF,37,37,,,,,,,,,,,,,$>37,PASSED
CMO8,07,07,,,,,,,,,,,,,$>07,PASSED
IPTE,,,,,,,,,,,,,,,$%,PASSED
IPTD,,,,,,,,,,,,,,,$%,PASSED
IPTC,,,,,,,,,,,,,,,$%,PASSED
IPTB,,,,,,,,,,,,,,,$%,PASSED
IPTA,,,,,,,,,,,,,,,$%,PASSED
SLPO,01,01,,,,,,,,,,,,,$%,FAILED
SLPL,0A,0A,,,,,,,,,,,,,$%,FAILED
DCMI,01,01,,,,,,,,,,,,,$>01,PASSED
DCMA,10,10,,,,,,,,,,,,,$>10,PASSED
DCHS,01,01,,,,,,,,,,,,,$>01,PASSED
DCCP,00,00,,,,,,,,,,,,,$>00,PASSED
HAON,01,01,,,,,,,,,,,,,$%,FAILED
DLGE,00,00,,,,,,,,,,,,,$%,FAILED
BTOB,00,00,,,,,,,,,,,,,$%,FAILED
BALH,64,64,,,,,,,,,,,,,$>64,PASSED
BALL,02,02,,,,,,,,,,,,,$>02,PASSED
BALO,00,00,,,,,,,,,,,,,$>00,PASSED
GBGT,02,02,,,,,,,,,,,,,$>02,PASSED
PRCT,00,00,,,,,,,,,,,,,$>00,PASSED
PRPC,01,01,,,,,,,,,,,,,$>01,PASSED
ARMR,00,00,,,,,,,,,,,,,$%,FAILED
DIAR,00,00,,,,,,,,,,,,,$>00,PASSED
EDFC,01,01,,,,,,,,,,,,,$>01,PASSED
DCID,246400,246400,,,,n.a.,,,,,,,,,$>246400,PASSED
DICM,00,00,,,,,,,,,,,,,$>00,PASSED
DMAS,00,00,,,,,,,,,,,,,$>00,PASSED
DISW,00,00,,,,,,,,,,,,,$>00,PASSED
PWSG,3D000000,3D000000,,,,,,,,,,,,,$>3D000000,PASSED
PWSF,3D000000,3D000000,,,,,,,,,,,,,$>3D000000,PASSED
DALS,00000000000000000000000000000000,00000000000000000000000000000000,,,,,,,,,,,,,$>00000000000000000000000000000000,PASSED
DLEN,01,01,,,,,,,,,,,,,$%,FAILED
MSLE,01,01,,,,,,,,,,,,,$%,FAILED
NTDE,01,01,,,,,,,,,,,,,$%,FAILED
STCR,00,00,,,,,,,,,,,,,$%,FAILED
NSLE,00,00,,,,,,,,,,,,,$%,FAILED
UOSE,00,00,,,,,,,,,,00,,,$%,FAILED
P4DS,01,01,,,,,,,,,,,,,$%,FAILED
SPEL,05,05,,,,,,,,,,,,,$%,FAILED
RBCC,00,00,,,,,,,,,,,,,$%,FAILED
OCPT,01,01,,,,,,,,,,,,,$>01,PASSED
LPWL,1E,1E,,,,,,,,,,,,,$%,FAILED
IPWL,64,64,,,,,,,,,,,,,$>64,PASSED
IPLR,00,00,,,,,,,,,,,,,$>00,PASSED
I2SM,00,00,,,,,,,,,,,,,$>00,PASSED
I2LM,00,00,,,,,,,,,,,,,$>00,PASSED
I2FM,00,00,,,,,,,,,,,,,$>00,PASSED
ENCO,00,00,,,,,,,,,,,,,$>00,PASSED
DCEN,00,00,,,,,,,,,,,,,$>00,PASSED
AUXM,00,00,,,,,,,,,,,,,$%,FAILED
AUPW,00,00,,,,,,,,,,,,,$%,FAILED
AUGR,00,00,,,,,,,,,,,,,$%,FAILED
AUEM,00,00,,,,,,,,,,,,,$%,FAILED
AUBR,0B,0B,,,,,,,,,,,,,$%,FAILED
AUAL,00,00,,,,,,,,,,,,,$%,FAILED
RBHT,14,14,,,,,,,,,,,,,$%,FAILED
RBFT,14,14,,,,,,,,,,,,,$%,FAILED
RBRT,00,00,,,,,,,,,,,,,$%,FAILED
RBID,04,04,,,,,,,,,,,,,$%,FAILED
RBSC,03,03,,,,,,,,,,,,,$%,FAILED
RBSE,01,01,,,,,,,,,,,,,$%,FAILED
RBCL,01,01,,,,,,,,,,,,,$>01,PASSED
RBGE,01,01,,,,,,,,,,,,,$>01,PASSED
VBGL,00,00,,,,,,,,,,,,,$>00,PASSED
VBGE,00,00,,,,,,,,,,,,,$>00,PASSED
AUEN,00,00,,,,,,,,,,,,,$%,FAILED
RBP2,89F205DC40000705030005DC40000705030F0000000000000000000000000000000000000000000000000000000000000000,89F205DC40000705030005DC40000705030F0000000000000000000000000000000000000000000000000000000000000000,,,,,,,,,,,,,$%,FAILED
RBP1,89F2C3E883E800FF000083E80000000000000000000000000000000000000000000000000000000000000000000000000000,89F2C3E883E800FF000083E80000000000000000000000000000000000000000000000000000000000000000000000000000,,,,,,,,,,,,,$%,FAILED
BTML,0000,0000,,,,,,,,,,,,,$%,FAILED
ICEN,01,01,,,,,,,,,,,,,$>01,PASSED
GRIP,00,00,,,,,,,,,,,,,$%,FAILED
AUAJ,01,01,,,,,,,,,,,,,$%,FAILED
LOGG,0A,0A,,,,,,,,,,,,,$>0A,PASSED
IFTY,0001,0001,,,,,,,,,,,,,$%,FAILED
C2LC,00,00,,,,,,,,,,,,,$>00,PASSED
C2L2,32,32,,,,,,,,,,,,,$>32,PASSED
C2L1,01,01,,,,,,,,,,,,,$>01,PASSED
C2EN,00,00,,,,,,,,,,,,,$>00,PASSED
C2CT,01,01,,,,,,,,,,,,,$>01,PASSED
C2CC,00,00,,,,,,,,,,,,,$>00,PASSED
C2AI,00,00,,,,,,,,,,,,,$>00,PASSED
C4LC,00,00,,,,,,,,,,,,,$%,FAILED
C4L2,51,51,,,,,,,,,,,,,$%,FAILED
C4L1,01,01,,,,,,,,,,,,,$%,FAILED
C4EN,00,00,,,,,,,,,,,,,$%,FAILED
C4AI,00,00,,,,,,,,,,n.a.,,,$%,FAILED
C6LC,00,00,,,,,,,,,,,,,$%,FAILED
C6L2,9B,9B,,,,,,,,,,,,,$%,FAILED
C6L1,01,01,,,,,,,,,,,,,$%,FAILED
C6EN,00,00,,,,,,,,,,,,,$%,FAILED
C6AI,00,00,,,,,,,,,,n.a.,,,$%,FAILED
GQAI,00,00,,,,,,,,,,,,,$>00,PASSED
GDAI,00,00,,,,,,,,,,,,,$>00,PASSED
MAAP,00,00,,,,,,,,,,,,,$%,FAILED
PWEJ,00000000000000000000000000000000,00000000000000000000000000000000,,,,,,,,,,,,,$%,FAILED
PWEO,53320000000000000000000000000000,53320000000000000000000000000000,,,,,,,,,,,,,$>53320000000000000000000000000000,PASSED
PWSE,00000000,00000000,,,,,,,,,,,,,$>000000000000000000000000,FAILED
PWSD,00000000,00000000,,,,,,,,,,,,,$>000000000000000000000000,FAILED
PWSC,00000000,00000000,,,,,,,,,,,,,$>000000000000000000000000,FAILED
PWSB,00000000,00000000,,,,,,,,,,,,,$>000000000000000000000000,FAILED
PWBT,00000000000000000000000000000000,00000000000000000000000000000000,,,,,,,,,,,,,$>00000000000000000000000000000000,PASSED
PWBH,00000000000000000000000000000000,00000000000000000000000000000000,,,,,,,,,,,,,$>00000000000000000000000000000000,PASSED
PWDF,00,00,,,,,,,,,,,,,$>00,PASSED
PWSA,00,00,,,,,,,,,,,,,$>00,PASSED
PWNT,01,01,,,,,,,,,,,,,$>01,PASSED
PWEI,00,00,,,,,,,,,,,,,$>00,PASSED
PWKE,00,00,,,,,,,,,,,,,$>00,PASSED
PWQP,00,00,,,,,,,,,,,,,$>0000000000000000,FAILED
PWEH,00,00,,,,,,,,,,,,,$>00,PASSED
PWEK,00,00,,,,,,,,,,,,,$>00,PASSED
DITS,00,00,,,,,,,,,,,,,$>00,PASSED
DIST,02,02,,,,,,,,,,,,,$>02,PASSED
PWFW,00,00,,,,,,,,,,,,,$>00,PASSED
DISM,00,00,,,,,,,,,,,,,$>00,PASSED
ETD2,00000000,00000000,,,,,,,,,,,,,$%,FAILED
ETD1,00000000,00000000,,,,,,,,,,,,,$%,FAILED
ETGA,C0A8BBFE,C0A8BBFE,,,,,,,,,,,,,$%,FAILED
ETSM,FFFFFF00,FFFFFF00,,,,,,,,,,,,,$%,FAILED
ETIP,C0A8BB1F,C0A8BB1F,,,,,,,,,,,,,$%,FAILED
ETMH,01,01,,,,,,,,,,,,,$%,FAILED
ETXN,0A,0A,,,,,,,,,,,,,$%,FAILED
ETXM,32,32,,,,,,,,,,,,,$%,FAILED
ETAS,01,01,,,,,,,,,,,,,$%,FAILED
ETMW,01,01,,,,,,,,,,,,,$%,FAILED
ETMD,01,01,,,,,,,,,,,,,$%,FAILED
ETMT,01,01,,,,,,,,,,,,,$%,FAILED
ETDN,434D393638302D000000000000000000000000000000000000000000000000000000000000000000000000000000000000000000000000000000000000000000,434D393638302D000000000000000000000000000000000000000000000000000000000000000000000000000000000000000000000000000000000000000000,,,,,,,,,,,,,$%,FAILED
ETPW,70617373776F72640000000000000000,70617373776F72640000000000000000,,,,,,,,,,,,,$%,FAILED
ETWS,00,00,,,,,,,,,,,,,$%,FAILED
ETSD,01,01,,,,,,,,,,,,,$%,FAILED
ETDP,51000,51000,,,,,,,,,,,,,$%,FAILED
ETAP,59180,59180,,,,,,,,,,,,,$%,FAILED
ETHP,0080,0080,,,,,,,,,,,,,$%,FAILED
ETTP,0023,0023,,,,,,,,,,,,,$%,FAILED
ETDC,00,00,,,,,,,,,,,,,$%,FAILED
ENDC,00,00,,,,,,,,,,,,,$%,FAILED
ENDP,00,00,,,,,,,,,,,,,$%,FAILED
MPAI,00,00,,,,,,,,,,,,,$%,FAILED
XCID,640000,525800,,450000,525800,,,,,,640000,,,525800,$>640000,FAILED
XCAI,00,00,,,,,,,,,,,,,$>00,PASSED
XBU8,00,00,,,,,,,,,,,,,$>00,PASSED
XBMR,01,01,,,,,,,,,,,,,$%,FAILED
XBLC,00,00,,,,,,,,,,,,,$>00,PASSED
XBL2,4A,4A,,,,,,,,,,,,,$>4A,PASSED
XBL1,01,01,,,,,,,,,,,,,$>01,PASSED
XBID,740000,525800,,450000,523400,,,,,520000,740000,,,523400,$>740000,FAILED
XBEN,00,00,,,01,,,,,,,,,01,$>00,PASSED
XBDA,03,03,,,,,,,,,,,,,$%,FAILED
XBAI,00,00,,,,,,,,,,,,,$>00,PASSED
XB2D,00,00,,,,,,,,,,,,,$>00,PASSED
WCVS,00,00,,,,,,,,,,,,,$%,FAILED
WASP,01,01,,,,,,,,,,,,,$%,FAILED
WASC,00,00,,,,,,,,,,,,,$%,FAILED
WAPO,01,01,,,,,,,,,,,,,$%,FAILED
WAID,00,00,,,,,,,,,,,,,$%,FAILED
USSE,01,01,,,,,,,,,,,,,$>01,PASSED
UNSU,00,00,,,,,,,,,,,,,$%,FAILED
UNSL,05,05,,,,,,,,,,,,,$%,FAILED
UNSE,00,00,,,,,,,,,,,,,$%,FAILED
UNLO,02,02,,,,,,,,,,,,,$>02,PASSED
UNG1,00,00,,,,,,,,,,,,,$%,FAILED
UNDL,03,03,,,,,,,,,,,,,$>03,PASSED
UNDA,03,03,,,,,,,,01,,,,,$>03,PASSED
UNCO,00,00,,,,,,,,,,,,,$%,FAILED
UMID,244500,000000,,500000,000000,,,,,,244500,,,000000,$>244500,FAILED
UCAI,00,00,,,,,,,,,,,,,$>00,PASSED
U8ID,6B0000,000000,,500000,000000,462300,,,462300,460000,6B0000,,,000000,$>6B0000,FAILED
U8EN,01,01,,,,,,,,00,,,,,$>01,PASSED
U8AI,01,01,,00,,00,,,00,,00,00,,,$>00,FAILED
U82D,00,00,,,,,,,,,,,,,$>00,PASSED
U2ST,00,00,,,,,,,,,,,,,$%,FAILED
U2MR,01,01,,,,,,,,,,,,,$%,FAILED
U2LC,00,00,,,,,,,,,,,,,$>00,PASSED
U2L2,32,32,,,,,,,,,,,,,$>32,PASSED
U2L1,06,06,,,,,,,,,,,,,$>06,PASSED
U2ID,570000,570000,,,,,,,,,,,,,$>570000,PASSED
U2EN,00,00,,,,,,,,,,,,,$>00,PASSED
U2DA,03,03,,,,,,,,,,,,,$%,FAILED
U2CT,01,01,,,,,,,,,,,,,$>01,PASSED
U2CO,00,00,,,,,,,,,,,,,$%,FAILED
U2CC,00,00,,,,,,,,,,,,,$>00,PASSED
U2AI,00,00,,,,,,,,,,,,,$>00,PASSED
TTXF,00,00,,,,,,,,,,,,,$>00,PASSED
THMS,000000000000,000000000000,,,,,,,,,,,,,$%,FAILED
TATO,00,00,,,,,,,,,,,,,$%,FAILED
TAMD,00,00,,,,,,,,,,,,,$%,FAILED
TAAP,01,01,,,,,,,,,,,,,$>01,PASSED
STTX,00,00,,01,,,,,,,,01,,,$>00,PASSED
STPT,02,02,,,,,,,,,,,,,$>02,PASSED
STFA,00,00,,,,,,,,,,,,,$>00,PASSED
STCP,03,03,,,,,,,,,,,,,$>03,PASSED
SPTO,00,00,,,,,,,,,,,,,$%,FAILED
SPMG,01,01,,,,,,,,,,,,,$>01,PASSED
SPIL,,,,,,,,,,,,,,,$%,PASSED
SPIC,00,00,,,,,,,,,,,,,$>00,PASSED
SPEP,260,260,,,,,,,,,,,,,$>0104,FAILED
SPEN,01,01,,,,,,,,,,,,,$%,FAILED
SPEM,01,01,,,,,,,,,,,,,$>01,PASSED
SPEB,10,10,,,,,,,,,,,,,$%,FAILED
SPDG,00,00,,,,,,,,,,,,,$%,FAILED
SPAT,60,60,,,,,,,,,,,,,$%,FAILED
SPAG,01,01,,,,,,,,,,,,,$%,FAILED
SPA1,0901020501030501040501,0901020501030501040501,,,,,,,,,,,,,$%,FAILED
SOTM,00,00,,,,,,,,,,,,,$%,FAILED
SNTO,01,01,,,,,,,,,,,,,$%,FAILED
SNTM,04,04,,,,,,,,,,,,,$>04,PASSED
SNTE,00,00,,,,,,,,,,,,,$%,FAILED
SNRM,00,00,,,,,,,,,,,,,$>00,PASSED
SNPT,58,58,,,,,,,,,,,,,$%,FAILED
SNPS,00,00,,,,,,,,,,,,,$>00,PASSED
SNPR,19,19,,,,,,,,,,,,,$%,FAILED
SNPM,00,00,,,,,,,,,,,,,$>00,PASSED
SNPE,01,01,,,,,,,,,,,,,$>01,PASSED
SNPD,04,04,,,,,,,,,,,,,$%,FAILED
SNOT,06,06,,,,,,,,,,,,,$%,FAILED
SNOO,00,00,,,,,,,,,,,,,$%,FAILED
SNON,0A,0A,,,,,,,,,,,,,$%,FAILED
SNOG,02,02,,,,,,,,,,,,,$>02,PASSED
SNMT,00,00,,,,,,,,,,,,,$>00,PASSED
SNMS,000000000000,000000000000,,,,,,,,,,,,,$>000000000000,PASSED
SNML,00,00,,,,,,,,,,,,,$>00,PASSED
SNMF,05,05,,,,,,,,,,,,,$%,FAILED
SNLG,00,00,,,,,,,,,,,,,$>00,PASSED
SNFN,0A,0A,,,,,,,,,,,,,$>0A,PASSED
SNFF,06,06,,,,,,,,,,,,,$>06,PASSED
SNET,05,05,,,,,,,,,,,,,$>05,PASSED
SNDR,3C,3C,,,,,,,,,,,,,$>3C,PASSED
SMVS,00,00,,,,,,,,,,,,,$>00,PASSED
SMTO,05,05,,,,,,,,,,,,,$%,FAILED
SMSE,01,01,,,,,,,,,,,,,$>01,PASSED
SMSD,01,01,,,,,,,,,,,,,$>01,PASSED
SMIL,00,00,,,,,,,,,,,,,$%,FAILED
SMFL,00,00,,,,,,,,,,,,,$>00,PASSED
SLTO,00,00,,,,,,,,,,,,,$%,FAILED
SLQS,00,00,,,,,,,,,,,,,$%,FAILED
SLPS,06,06,03,03,,03,03,,03,03,03,03,03,,$>03,FAILED
SLEN,01,01,,,,,,,,,,,,,$%,FAILED
SBTO,05,05,,,,,,,,,,,,,$%,FAILED
S2ST,00,00,,,,,,,,,,,,,$%,FAILED
S2MR,02,02,,,,,,,,,,,,,$%,FAILED
S2LC,00,00,,,,,,,,,,,,,$>00,PASSED
S2L2,32,32,,,,,,,,,,,,,$>32,PASSED
S2L1,08,08,,,,,,,,,,,,,$>08,PASSED
S2ID,500000,730000,,480000,730000,732000,,,732000,,500000,,,730000,$>500000,FAILED
S2EN,00,00,,,,,,,,,,,,,$>00,PASSED
S2CT,01,01,,,,,,,,,,,,,$>01,PASSED
S2CO,00,00,,,,,,,,,,,,,$%,FAILED
S2CC,00,00,,,,,,,,,,,,,$>00,PASSED
S2AI,00,00,,,,,,,,,,,,,$>00,PASSED
S1AD,00,00,,,,,,,,,,,,,$%,FAILED
RSSA,00,00,,,,,,,,,,,,,$%,FAILED
RMXA,00,00,,,,,,,,,,,,,$%,FAILED
RMNA,00,00,,,,,,,,,,,,,$%,FAILED
RFTS,00,00,,,,,,,,,,,,,$>00,PASSED
RFTD,00,00,,,,,,,,,,,,,$>00,PASSED
R4RZ,00,00,,,,,,,,,,,,,$%,FAILED
R4JH,01,01,,,,,,,,,,,,,$%,FAILED
R4JG,00,00,,,,,,,,,,,,,$%,FAILED
R4JE,00,00,,,,,,,,,,,,,$%,FAILED
R4JC,00,00,,,,,,,,,,,,,$%,FAILED
R4JB,00,00,,,,,,,,,,,,,$%,FAILED
R4A1,0D0A000000000000,0D0A000000000000,,,,,,,,,,,,,$%,FAILED
R4A0,00,00,,,,,,,,,,,,,$%,FAILED
R2TF,01,01,,,,,,,,,,,,,$>01,PASSED
R2ST,00,00,,,,,,,,,,,,,$>00,PASSED
R2PA,00,00,,02,,,,,,,,,,,$>00,PASSED
R2NA,15,15,,,,,,,,,,,,,$>15,PASSED
R2IC,00,00,,,,,,,,,,,,,$>00,PASSED
R2HC,00,00,,01,05,,,,,,,,,00,$>00,PASSED
R2EH,00,00,,,,,,,,,,,,,$>00,PASSED
R2EC,45,45,,,,,,,,,,,,,$>45,PASSED
R2DC,44,44,,,,,,,,,,,,,$>44,PASSED
R2DA,01,01,,,,,,,,,,,,,$>01,PASSED
R2BB,00,00,,,,,,,,,,,,,$>00,PASSED
R2BA,03,07,,03,03,,07,,,,07,,,03,$>07,PASSED
R2AT,01,01,,,,,,,,,,,,,$>01,PASSED
R2AR,03,03,,,,,,,,,,,,,$>03,PASSED
R2AE,00,00,,,,,,,,,,,,,$>00,PASSED
R2AC,06,06,,,,,,,,,,,,,$>06,PASSED
QRMF,00,00,,,,,,,,,,,,,$>00,PASSED
QRLC,00,00,,,,,,,,,,,,,$>00,PASSED
QRL2,1BB1,1BB1,,,,,,,,,,,,,$>1BB1,PASSED
QRL1,0001,0001,,,,,,,,,,,,,$>0001,PASSED
QRID,790000,515200,,550000,500000,,,,,,790000,,,500000,$>790000,FAILED
QREN,01,01,,,,,,,,,,,,,$>01,PASSED
QRAI,00,00,,,,,,,,,,,,,$>00,PASSED
PZID,245A00,245A00,,4D0000,,,,,,,,,,,$>245A00,PASSED
PZEN,00,00,,,,,,,,,,,,,$>00,PASSED
PWFZ,FFFF,FFFF,,,,,,,,,,,,,$>FFFF,PASSED
PWEY,05,05,,,,,,,,,,,,,$>05,PASSED
PWEV,0000,0000,,,,,,,,,,,,,$%,FAILED
PWEU,0000,0000,,,,,,,,,,,,,$%,FAILED
PWET,0000,0000,,,,,,,,,,,,,$%,FAILED
PWES,0000,0000,,,,,,,,,,,,,$%,FAILED
PWER,01,01,,,,,,,,,,,,,$>01,PASSED
PWEQ,0000,0000,,,,,,,,,,,,,$%,FAILED
PWEP,53310000000000000000000000000000,53310000000000000000000000000000,,,,,,,,,,,,,$>53310000000000000000000000000000,PASSED
PWEN,00,00,,,,,,,,,,,,,$>00,PASSED
PWEM,53340000000000000000000000000000,53340000000000000000000000000000,,,,,,,,,,,,,$>53340000000000000000000000000000,PASSED
PWEL,53350000000000000000000000000000,53350000000000000000000000000000,,,,,,,,,,,,,$>53350000000000000000000000000000,PASSED
PWEG,00,00,,,,,,,,,,,,,$%,FAILED
PWEF,00,00,,,,,,,,,,,,,$>00000000000000000000000000000000,FAILED
PWED,00,00,,,,,,,,,,,,,$>00000000000000000000000000000000,FAILED
PWEC,00,00,,,,,,,,,,,,,$>000000,FAILED
PWEB,00,00,,,,,,,,,,,,,$>000000,FAILED
PWEA,53330000000000000000000000000000,53330000000000000000000000000000,,,,,,,,,,,,,$>53330000000000000000000000000000,PASSED
PSID,245800,245800,,,,,,,,,,,,,$>245800,PASSED
PSAI,00,00,,,,,,,,,,,,,$>00,PASSED
PRID,244D00,244D00,,,,,,,,,,,,,$>244D00,PASSED
PRAI,00,00,,,,,,,,,,,,,$>00,PASSED
PPID,245700,245700,,,,,,,,,,,,,$>245700,PASSED
PPAI,00,00,,,,,,,,,,,,,$>00,PASSED
POEN,00,00,,,,,,,,,,,,,$>00,PASSED
POBB,00,00,,,,,,,,,,,,,$>00,PASSED
PNID,244C00,244C00,,,,,,,,,,,,,$>244C00,PASSED
PMID,245600,245600,,,,,,,,,,,,,$>245600,PASSED
PMAI,00,00,,,,,,,,,,,,,$>00,PASSED
PLST,00,00,,,,,,,,,,,,,$%,FAILED
PLMR,04,04,,,,,,,,,,,,,$%,FAILED
PLLC,00,00,,,,,,,,,,,,,$>00,PASSED
PLL2,32,32,,,,,,,,,,,,,$>32,PASSED
PLL1,01,01,,,,,,,,,,,,,$>01,PASSED
PLID,610000,610000,,4F0000,,612000,,,612000,,,,,,$>610000,PASSED
PLEN,00,00,,,,,,,,,,,,,$>00,PASSED
PLDL,03,03,,,,,,,,,,,,,$%,FAILED
PLDA,03,03,,,,,,,,,,,,,$%,FAILED
PLCT,01,01,,,,,,,,,,,,,$>01,PASSED
PLCO,00,00,,,,,,,,,,,,,$%,FAILED
PLCC,01,01,,,,,,,,,,,,,$>01,PASSED
PLAI,00,00,,,,,,,,,,,,,$>00,PASSED
PKID,245500,245500,,,,,,,,,,,,,$>245500,PASSED
PKAI,00,00,,,,,,,,,,,,,$>00,PASSED
PJID,245200,245200,,,,,,,,,,,,,$>245200,PASSED
PJAI,00,00,,,,,,,,,,,,,$>00,PASSED
PGID,245000,245000,,,,,,,,,,,,,$>245000,PASSED
PGAI,00,00,,,,,,,,,,,,,$>00,PASSED
PBAI,00,00,,,,,,,,,,,,,$>00,PASSED
PAID,244B00,244B00,,,,,,,,,,,,,$>244B00,PASSED
PAAI,00,00,,,,,,,,,,,,,$>00,PASSED
P4ZL,00,00,,,,,,,,,,,,,$>00,PASSED
P4SA,00,00,,,,,,,,,,,,,$%,FAILED
P4MF,00,00,,,,,,,,,,,,,$>00,PASSED
P4LC,00,00,,,,,,,,,,,,,$>00,PASSED
P4L2,0A96,0A96,,,028A,,,,,,,,,028A,$>0A96,PASSED
P4L1,0001,0001,,,,,,,,,,,,,$>0001,PASSED
P4ID,720000,500000,,510000,500000,502000,,,502000,,720000,,,500000,$>720000,FAILED
P4EN,01,01,,,,,,,,,,,,,$>01,PASSED
P4AI,00,00,,,,,,,,,,,,,$>00,PASSED
P3SS,00,00,,,01,,,,,,,,,01,$>00,PASSED
P3ID,580000,410000,,,700000,412000,,,412000,4D0000,580000,,,700000,$>580000,FAILED
P3EN,00,00,,,,,,,,,,,,,$>00,PASSED
P3CT,00,00,,,01,,,,,,,,,01,$>00,PASSED
P3AI,00,00,,,,,,,,,,,,,$>00,PASSED
OBID,247000,247000,,,,,,,,,,,,,$>247000,PASSED
OAID,246F00,246F00,,,,,,,,,,,,,$>246F00,PASSED
NRSS,00,00,,,,,,,,,,,,,$%,FAILED
NORS,00,00,,,,,,,,,,,,,$%,FAILED
N2MR,01,01,,,,,,,,,,,,,$>01,PASSED
N2MI,0000000000000000000000000000000000000000,0000000000000000000000000000000000000000,,,,,,,,,,,,,$>0000000000000000000000000000000000000000,PASSED
N2EN,00,00,,,,,,,,,,,,,$>00,PASSED
N2CT,00,00,,,,,,,,,,,,,$%,FAILED
N2C6,0321FF29FF,0321FF29FF,,,,,,,,,,,,,$%,FAILED
N2C5,0321FF28FF,0321FF28FF,,,,,,,,,,,,,$%,FAILED
N2C4,0321FF22FF,0321FF22FF,,,,,,,,,,,,,$%,FAILED
N2C3,0321FF29FF,0321FF29FF,,,,,,,,,,,,,$%,FAILED
N2C2,0321FF28FF,0321FF28FF,,,,,,,,,,,,,$%,FAILED
N2C1,0321FF22FF,0321FF22FF,,,,,,,,,,,,,$%,FAILED
MXPT,00,00,,,,,,,,,,,,,$>00,PASSED
MXLC,00,00,,,,,,,,,,,,,$>00,PASSED
MXL2,0091,0091,,,,,,,,,,,,,$>0091,PASSED
MXL1,0001,0001,,,,,,,,,,,,,$>0001,PASSED
MXID,780000,4D4300,,540000,500000,,,,,,780000,,,500000,$>780000,FAILED
MXEN,00,00,,,,,,,,,,,,,$>00,PASSED
MXAI,00,00,,,,,,,,,,,,,$>00,PASSED
MSMR,04,04,,,,,,,,,,,,,$%,FAILED
MSLC,00,00,,,,,,,,,,,,,$>00,PASSED
MSL2,32,32,,,,,,,,,,,,,$>32,PASSED
MSL1,01,01,,,,,,,,,,,,,$>01,PASSED
MSID,5A0000,400000,,4F0000,400000,402000,,,402000,,5A0000,,,400000,$>5A0000,FAILED
MSEN,00,00,,,,,,,,,,,,,$>00,PASSED
MSDL,03,03,,,,,,,,,,,,,$%,FAILED
MSDE,00,00,,,,,,,,,,,,,$%,FAILED
MSDA,03,03,,,,,,,,,,,,,$%,FAILED
MSCT,01,01,,,,,,,,,,,,,$>01,PASSED
MSCC,01,01,,,,,,,,,,,,,$>01,PASSED
MSAI,00,00,,,,,,,,,,,,,$>00,PASSED
MREN,,,,,,,,,,,,,,,$%,PASSED
MQLC,00,00,,,,,,,,,,,,,$>00,PASSED
MQL2,0023,0023,,,,,,,,,,,,,$>0023,PASSED
MQL1,0001,0001,,,,,,,,,,,,,$>0001,PASSED
MQID,245100,245100,,,500000,,,,,,,,,500000,$>245100,PASSED
MQEN,00,00,,,,,,,,,,,,,$>00,PASSED
MQAI,00,00,,,,,,,,,,,,,$>00,PASSED
MOTO,14,14,,,,,,,,,,,,,$>14,PASSED
MOSY,01,01,,,,,,,,,,,,,$>01,PASSED
MOSI,01,01,,,,,,,,,,,,,$>01,PASSED
MOMD,01,01,,,,,,,,,,,,,$>01,PASSED
MOEN,01,01,,,,,,,,,,,,,$%,FAILED
MIU8,00,00,,,,,,,,,,,,,$>00,PASSED
MILC,00,00,,,,,,,,,,,,,$>00,PASSED
MIL2,016E,016E,,,,,,,,,,,,,$>016E,PASSED
MIL1,0001,0001,,,,,,,,,,,,,$>0001,PASSED
MIID,380000,6D5000,,530000,500000,,,,,,380000,,,500000,$>380000,FAILED
MIEN,00,00,,,,,,,,,,,,,$>00,PASSED
MIAI,00,00,,,,,,,,,,,,,$>00,PASSED
MFFD,3C,3C,,,,,,,,,,,,,$%,FAILED
M2LC,00,00,,,,,,,,,,,,,$>00,PASSED
M2L2,32,32,,,,,,,,,,,,,$>32,PASSED
M2L1,01,01,,,,,,,,,,,,,$>01,PASSED
M2ID,670000,670000,,480000,,672000,,,672000,,,,,,$>670000,PASSED
M2EN,00,00,,,,,,,,,,,,,$>00,PASSED
M2CT,01,01,,,,,,,,,,,,,$>01,PASSED
M2CC,00,00,,,,,,,,,,,,,$>00,PASSED
M2AI,00,00,,,,,,,,,,,,,$>00,PASSED
LSTO,0A,0A,,,,,,,,,,,,,$%,FAILED
LSTM,00,00,,,,,,,,,,,,,$%,FAILED
LSSP,01,01,,,,,,,,,,,,,$>01,PASSED
LPID,246100,246100,,4D0000,,,,,,,,,,,$>246100,PASSED
LPEN,00,00,,,,,,,,,,,,,$>00,PASSED
LOTM,02,02,,,,,,,,,,,,,$%,FAILED
LFSU,0D00000000000000000000000000000000000000,0D00000000000000000000000000000000000000,,,0000000000000000000000000000000000000000,0000000000000000000000000000000000000000,,,0000000000000000000000000000000000000000,0000000000000000000000000000000000000000,,0000000000000000000000000000000000000000,,0000000000000000000000000000000000000000,$>0D00000000000000000000000000000000000000,PASSED
LFPR,0000000000000000000000000000000000000000,0000000000000000000000000000000000000000,,,,,,,,,,,,,$>0000000000000000000000000000000000000000,PASSED
LFCV,00,00,,,,,,,,,,,,,$%,FAILED
LFCH,FFFFFFFFFFFFFFFF,FFFFFFFFFFFFFFFF,,0D60FFFFFFFFFFFF,,,,,,,,,,,$>FFFFFFFFFFFFFFFF,PASSED
LFCA,00,00,,,,,,,,,,,,,$>00,PASSED
LEGC,0000,0000,,,,,,,,,,,,,$>0000,PASSED
LEEN,00,00,,,,,,,,,,,,,$>00,PASSED
LCID,690000,524C00,,450000,524C00,,,,,,,,,524C00,$>524C00,PASSED
LCAI,00,00,,,,,,,,,,,,,$>00,PASSED
LBU8,00,00,,,,,,,,,,,,,$>00,PASSED
LBMR,01,01,,,,,,,,,,,,,$%,FAILED
LBEN,00,00,,,01,,,,,,,,,01,$>00,PASSED
LBDA,03,03,,,,,,,,,,,,,$%,FAILED
LBAI,00,00,,,,,,,,,,,,,$>00,PASSED
LB2D,00,00,,,,,,,,,,,,,$>00,PASSED
LAGL,03,03,,,,,,,,,,,,,$>03,PASSED
0L,00,00,,,,,,,,,,,,,$%,FAILED
KBSP,01,01,,,,,,,,,,,,,$%,FAILED
KBSC,00,00,,,,,,,,,,,,,$%,FAILED
KBQI,0A,0A,,,,,,,,,,,,,$%,FAILED
KBNL,00,00,,,,,,,,,,,,,$%,FAILED
KBKP,00,00,,,,,,,,,,,,,$%,FAILED
KBID,00,00,,,,,,,,,,,,,$%,FAILED
KBCO,00,00,,,,,,,,,,,,,$%,FAILED
KBCL,00,00,,,,,,,,,,,,,$%,FAILED
ISID,400000,490000,,410000,490000,492000,,,492000,,400000,,,490000,$>400000,FAILED
ISAI,00,00,,,,,,,,,,,,,$>00,PASSED
IPVS,01,01,,,,,,,,,,,,,$%,FAILED
IPVR,00,00,,,,,,,,,,,,,$>00,PASSED
IPTM,0032,0032,,,,,,,,,,,,,$%,FAILED
IPTL,0004,0004,,,,,,,,,,,,,$%,FAILED
IPRS,02,02,,,,,,,,,,,,,$>02,PASSED
IPQF,5A,5A,,,,,,,,,,,,,$>5A,PASSED
IPPL,01,01,,,,,,,,,,,,,$%,FAILED
IPNR,00,00,,,,,,,,,,,,,$>00,PASSED
IPLE,01,01,,,,,,,,,,,,,$>01,PASSED
IPLD,00,00,,,,,,,,,,,,,$>00,PASSED
IPHR,01,01,,,,,,,,,,,,,$%,FAILED
IPFI,00,00,,,,,,,,,,,,,$>00,PASSED
IPDA,01,01,,,,,,,,,,,,,$%,FAILED
IPCV,19,19,,,,,,,,,,,,,$>19,PASSED
IPCL,03,03,,,,,,,,,,,,,$>03,PASSED
IPCD,00,00,,,,,,,,,,,,,$>00,PASSED
IPBV,19,19,,,,,,,,,,,,,$>19,PASSED
IPBD,00,00,,,,,,,,,,,,,$>00,PASSED
INMR,02,02,,,,,,,,,,,,,$>02,PASSED
INID,6E0000,6E0000,,,,,,,,,,,,,$>6E0000,PASSED
INAI,00,00,,,,,,,,,,,,,$>00,PASSED
IFO1,00,00,,,,02,,,,,,02,,,$>00,PASSED
IFML,00,00,,,,,,,,,,,,,$>00,PASSED
IFIH,00,00,,,,,,,,,,,,,$>00,PASSED
IDCO,00,00,,01,01,,,,,01,01,,,01,$>01,FAILED
IBUT,01,01,,,,,,n.a.,,,,,,,$%,FAILED
IBHR,06,06,,,,,,,,,,,,,$%,FAILED
IBC3,00,00,,,,,,,,,,,,,$%,FAILED
IAID,260000,494100,,490000,494100,,,,,,260000,,,494100,$>260000,FAILED
IAEN,00,00,,,,,,,,,,,,,$>00,PASSED
IACT,01,01,,,,,,,,,,,,,$>01,PASSED
IAAI,00,00,,,,,,,,,,,,,$>00,PASSED
I8LF,0000,0000,,,,,,,,,,,,,$>0000,PASSED
I8LE,0000,0000,,,,,,,,,,,,,$>0000,PASSED
I8LD,0000,0000,,,,,,,,,,,,,$>0000,PASSED
I8LC,0000,0000,,,,,,,,,,,,,$>0000,PASSED
I8LB,0000,0000,,,,,,,,,,,,,$>0000,PASSED
I8LA,0000,0000,,,,,,,,,,,,,$>0000,PASSED
I8L9,0000,0000,,,,,,,,,,,,,$>0000,PASSED
I8L8,0000,0000,,,,,,,,,,,,,$>0000,PASSED
I8L7,0000,0000,,,,,,,,,,,,,$>0000,PASSED
I8L6,0000,0000,,,,,,,,,,,,,$>0000,PASSED
I8L5,0000,0000,,,,,,,,,,,,,$>0000,PASSED
I8L4,0000,0000,,,,,,,,,,,,,$>0000,PASSED
I8L3,0000,0000,,,,,,,,,,,,,$>0000,PASSED
I8L2,0000,0000,,,,,,,,,,,,,$>0000,PASSED
I8L1,0000,0000,,,,,,,,,,,,,$>0000,PASSED
I8L0,0000,0000,,,,,,,,,,,,,$>0000,PASSED
I8ID,660000,660000,,4B0000,,662000,,,662000,,,,,,$>660000,PASSED
I8FC,00,00,,,,,,,,,,,,,$>00,PASSED
I8DT,14,14,,,,,,,,,,,,,$>14,PASSED
I8CM,00,00,,,,,,,,,,,,,$>00,PASSED
I8CE,00,00,,,,,,,,,,,,,$>00,PASSED
I8AI,00,00,,,,,,,,,,,,,$>00,PASSED
I2ZP,00,00,,,,,,,,,,,,,$%,FAILED
I2ST,00,00,,,,,,,,,,,,,$%,FAILED
I2MR,02,02,,,,,,,,,,,,,$%,FAILED
I2LC,00,00,,,,,,,,,,,,,$>00,PASSED
I2L2,32,32,,,,,,,,10,,,,,$>32,PASSED
I2L1,06,06,,,,,,,,08,,,,,$>06,PASSED
I2ID,4E0000,690000,,490000,690000,692000,,,692000,490000,4E0000,,,690000,$>4E0000,FAILED
I2EN,00,00,,,,,,,,01,,,,,$>00,PASSED
I2DL,03,03,,,,,,,,,,,,,$%,FAILED
I2DA,03,03,,,,,,,,01,,,,,$>03,PASSED
I2CT,01,01,,,,,,,,,,,,,$>01,PASSED
I2CO,00,00,,,,,,,,,,,,,$%,FAILED
I2CC,00,00,,,,,,,,,,,,,$>00,PASSED
I2AI,00,00,,,,,,,,,,,,,$>00,PASSED
HRID,650000,650000,,490000,,,,,,,,,,,$>650000,PASSED
HRAI,00,00,,,,,,,,,,,,,$>00,PASSED
GQID,247100,514700,514700,580000,500000,514700,514700,,514700,514700,247100,,514700,500000,$>247100,FAILED
GDID,247700,446700,446700,570000,500000,446700,446700,,446700,446700,247700,,446700,500000,$>247700,FAILED
GBID,244100,470000,,,470000,472000,,,472000,,244100,,,470000,$>244100,FAILED
GBEN,00,00,,,,,,,,,,,,,$>00,PASSED
GBAI,00,00,,,,,,,,,,,,,$>00,PASSED
G8ID,244400,473800,473800,473800,,n.a.,473800,,,,244400,,,,$%,FAILED
G8AI,00,00,,,,,,,,,,n.a.,,,$%,FAILED
G5ID,244300,473500,,,473500,,,,,,244300,,,473500,$>244300,FAILED
G5AI,00,00,,,,,,,,,,,,,$>00,PASSED
G2ID,244200,473200,,,473200,,,,,,244200,,,473200,$>244200,FAILED
G2AI,00,00,,,,,,,,,,,,,$>00,PASSED
FAPM,01,01,,,,,,,,,,,,,$>01,PASSED
FAOE,00,00,,,,,,,,,,,,,$>00,PASSED
F2ID,4F0000,4F0000,,,,,,,,,,,,,$>4F0000,PASSED
F2EN,00,00,,,,,,,,,,,,,$>00,PASSED
F2AI,00,00,,,,,,,,,,,,,$>00,PASSED
EMID,244A00,450000,,430000,450000,,,,,,244A00,,,450000,$>244A00,FAILED
ECAI,00,00,,,,,,,,,,,,,$>00,PASSED
EBNS,01,01,,,,,,,,,,,,,$>01,PASSED
EBMR,02,02,,,,,,,,,,,,,$>02,PASSED
EBID,440000,450000,,430000,450000,452000,,,452000,450000,440000,,,450000,$>440000,FAILED
EBEN,01,01,,,,,,,,,,,,,$>01,PASSED
EBCT,01,01,,00,,,,,,00,,,,,$>01,PASSED
EBAI,00,00,,,,,,,,,,,,,$>00,PASSED
EBAB,00,00,,,,,,,,,,,,,$>00,PASSED
EB3B,00,00,,,,,,,,,,,,,$>00,PASSED
EB2D,00,00,,,,,,,,,,,,,$>00,PASSED
E8ID,450000,450000,,430000,,n.a.,,,,,,,,,$%,FAILED
E8AI,00,00,,,,,,,,,,,,,$%,FAILED
E5ID,490000,450000,,430000,450000,452000,,,452000,450000,490000,,,450000,$>490000,FAILED
E5AI,00,00,,,,,,,,,,,,,$>00,PASSED
E2ID,480000,450000,,430000,450000,452000,,,452000,450000,480000,,,450000,$>480000,FAILED
E2AI,00,00,,,,,,,,,,,,,$>00,PASSED
DYMD,000000130101,000000130101,,,,,,,,,,,,,$%,FAILED
DTXF,00,00,,,,,,,,,,,,,$>00,PASSED
DSLC,00,00,,,,,,,,,,,,,$%,FAILED
DSL2,32,32,,,,,,,,,,,,,$%,FAILED
DSL1,08,08,,,,,,,,,,,,,$%,FAILED
DSEN,00,00,,,,,,,,,,,,,$%,FAILED
DSCT,00,00,,,,,,,,,,,,,$%,FAILED
DSCC,00,00,,,,,,,,,,,,,$%,FAILED
DPID,245900,245900,,4D0000,,,,,,,,,,,$>245900,PASSED
DPEN,00,00,,,,,,,,,,,,,$>00,PASSED
DOEN,00,00,,,,,,,,,,,,,$%,FAILED
DMLC,00,00,,,,,,,,,,,,,$>00,PASSED
DML2,0C2C,0C2C,,,028A,,,,,,,,,028A,$>0C2C,PASSED
DML1,0001,0001,,,,,,,,,,,,,$>0001,PASSED
DMID,770000,446D00,,520000,500000,,,,,,770000,,,500000,$>770000,FAILED
DMEN,01,01,,,,,,,,,,,,,$>01,PASSED
DMDM,3FFFFFFF,3FFFFFFF,,,,,,,,,,,,,$>3FFFFFFF,PASSED
DMDA,01,01,,,,,,,,,,,,,$>01,PASSED
DMAI,00,00,,,,,,,,,,,,,$>00,PASSED
DIOT,08,08,,,,,,,,,,,,,$>08,PASSED
DIMD,00,00,,,,,,,,,,,,,$>00,PASSED
DIKS,3C3D3E,3C3D3E,,,,,,,,,,,,,$%,FAILED
DIFS,00,00,,,,,,,,,,,,,$>00,PASSED
DICT,10,10,,,,,,,,,,,,,$>0A,FAILED
DIBL,00,00,,,,,,,,,,,,,$>00,PASSED
DIAC,00,00,,,,,,,,,,,,,$>00,PASSED
DGT3,00,00,,,,,,,,,,,,,$>00,PASSED
DGT2,64,64,,,,,,,,,,,,,$>64,PASSED
DGT1,00,00,,,,,,,,,,,,,$>00,PASSED
DGMD,01,01,,,,,,,,,,,,,$%,FAILED
DETM,23,23,,,,,,,,,,,,,$%,FAILED
DESA,00,00,,,,,,,,,,,,,$>00,PASSED
DEML,00,00,,,,,,,,,,,,,$%,FAILED
DAUS,55700000000000000000000000000000,55700000000000000000000000000000,,,,,,,,,,,,,$>55700000000000000000000000000000,PASSED
DADS,44776000000000000000000000000000,44776000000000000000000000000000,,,,,,,,,,,,,$>44776000000000000000000000000000,PASSED
D2ST,00,00,,,,,,,,,,,,,$%,FAILED
D2MR,02,02,,,,,,,,,,,,,$%,FAILED
D2LC,00,00,,,,,,,,,,,,,$>00,PASSED
D2L2,32,32,,,,,,,,,,,,,$>32,PASSED
D2L1,06,06,,,,,,,,,,,,,$>06,PASSED
D2IR,04,04,,,,,,,,,,,,,$%,FAILED
D2ID,730000,730000,,480000,,732000,,,732000,,,,,,$>730000,PASSED
D2EN,00,00,,,,,,,,,,,,,$>00,PASSED
D2CT,01,01,,,,,,,,,,,,,$>01,PASSED
D2CO,00,00,,,,,,,,,,,,,$%,FAILED
D2CC,00,00,,,,,,,,,,,,,$>00,PASSED
D2AI,00,00,,,,,,,,,,,,,$>00,PASSED
CTID,245400,245400,,,,,,,,,,,,,$>245400,PASSED
CTEN,00,00,,,,,,,,,,,,,$>00,PASSED
CTAI,00,00,,,,,,,,,,,,,$>00,PASSED
CSLC,00,00,,,,,,,,,,,,,$>00,PASSED
CSL2,1E93,1E93,,,,,,,,,,,,,$>1E93,PASSED
CSL1,0001,0001,,,,,,,,,,,,,$>0001,PASSED
CSID,245300,245300,,,,,,,,,,,,,$>245300,PASSED
CSEN,00,00,,,,,,,,,,,,,$>00,PASSED
CSAI,00,00,,,,,,,,,,,,,$>00,PASSED
CRID,340000,340000,,,,,,,,,,,,,$>340000,PASSED
CRHD,01,01,,,,,,,,,,,,,$%,FAILED
CREN,00,00,,,,,,,,,,,,,$>00,PASSED
CRCT,01,01,,,,,,,,,,,,,$%,FAILED
CRAI,00,00,,,,,,,,,,,,,$>00,PASSED
CPCL,01,01,,,00,,,,,00,,,,00,$>01,PASSED
COVS,00,00,,,,,,,,,,,,,$%,FAILED
CNAS,00,00,,,,,,,,,,,,,$%,FAILED
CNAD,00,00,,,,,,,,,,,,,$%,FAILED
CMOT,07,07,,,,,,,,,,,,,$>07,PASSED
CMEN,00,00,,,,,,,,,,,,,$%,FAILED
CHEN,00,00,,,,,,,,,,,,,$>00,PASSED
CFLC,00,00,,,,,,,,,,,,,$>00,PASSED
CFL2,64,64,,,,,,,,,,,,,$>64,PASSED
CFL1,03,03,,,,,,,,,,,,,$>03,PASSED
CFID,6D0000,6C0000,,,,6C2000,,,6C2000,,6D0000,,,,$>6D0000,FAILED
CFEN,00,00,,,,,,,,,,,,,$>00,PASSED
CFEA,00,00,,,,,,,,,,,,,$%,FAILED
CFAI,00,00,,,,,,,,,,,,,$>00,PASSED
CFAC,01,01,,,,,,,,,,,,,$%,FAILED
CCID,590000,590000,,4D0000,,592000,,,592000,4D0000,,,,,$>590000,PASSED
CCEN,00,00,,,,,,,,,,,,,$>00,PASSED
CCAI,00,00,,,,,,,,,,,,,$>00,PASSED
CBST,00,00,,,,,,,,,,,,,$%,FAILED
CBSS,01,01,,,,,,,,00,,,,,$>01,PASSED
CBSM,00,00,,,,,,,,,,,,,$>00,PASSED
CBSC,03,03,,,01,,,,,,,,,01,$>03,PASSED
CBMR,02,02,,,,,,,,,,,,,$%,FAILED
CBLO,02,02,,,,,,,,,,,,,$>02,PASSED
CBLC,00,00,,,,,,,,,,,,,$>00,PASSED
CBL2,32,32,,,,,,,,10,,,,,$>32,PASSED
CBL1,03,03,,,,,,,,08,,,,,$>03,PASSED
CBIR,04,04,,,,,,,,,,,,,$%,FAILED
CBID,520000,250000,,4E0000,250000,252000,,,252000,4E0000,520000,,,250000,$>520000,FAILED
CBFC,00,00,,,,,,,,,,,,,$>00,PASSED
CBEN,00,00,,,,,,,,,,,,,$>00,PASSED
CBDT,14,14,,,,,,,,,,,,,$>14,PASSED
CBDL,03,03,,,,,,,,,,,,,$%,FAILED
CBDA,03,03,,,,,,,,01,,,,,$>03,PASSED
CBCT,01,01,,,,,,,,00,,,,,$>01,PASSED
CBCO,00,00,,,,,,,,,,,,,$%,FAILED
CBCM,00,00,,,,,,,,,,,,,$>00,PASSED
CBCC,00,00,,,,,,,,,,,,,$>00,PASSED
CBAI,00,00,,,,,,,,,,,,,$>00,PASSED
CBAB,00,00,,,,,,,,,,,,,$>00,PASSED
CALC,00,00,,,,,,,,,,,,,$%,FAILED
CAL2,64,64,,,,,,,,,,,,,$%,FAILED
CAL1,03,03,,,,,,,,,,,,,$%,FAILED
CAID,6E0000,6E0000,,,,,,,,,,,,,$%,FAILED
CAEN,00,00,,,,,,,,,,,,,$%,FAILED
C9ST,01,01,,,,,,,,,,,,,$%,FAILED
C9MR,01,01,,,,,,,,,,,,,$%,FAILED
C9LO,03,03,,,,,,,00,02,,,,,$>03,PASSED
C9LC,00,00,,,,,,,,,,,,,$>00,PASSED
C9L2,32,32,,,,,,,,10,,,,,$>32,PASSED
C9L1,01,01,,,,,,,,08,,,,,$>01,PASSED
C9ID,550000,260000,,4C0000,260000,262000,,,262000,4C0000,550000,,,260000,$>550000,FAILED
C9EN,00,00,,,,,,,,,,,,,$>00,PASSED
C9DL,03,03,,,,,,,,,,,,,$%,FAILED
C9DA,03,03,,,,,,,,,,,,,$%,FAILED
C9CT,00,00,,,,,,,,,,,,,$>00,PASSED
C9CO,00,00,,,,,,,,,,,,,$%,FAILED
C9CC,03,03,,,,,,,,,,,,,$>03,PASSED
C9AI,00,00,,,,,,,,,,,,,$>00,PASSED
C8TF,00,00,,,,,,,,,,,,,$>00,PASSED
35ID,4D0000,460000,,410000,460000,462000,,,462000,460000,4D0000,,,460000,$>4D0000,FAILED
35AI,00,00,,,,,,,,,,,,,$>00,PASSED
32ID,4C0000,460000,,410000,460000,462000,,,462000,460000,4C0000,,,460000,$>4C0000,FAILED
32AI,00,00,,,,,,,,,,,,,$>00,PASSED
C8ST,01,01,,,,,,,,,,,,,$%,FAILED
C8SC,00,00,,,,,,,,,,,,,$%,FAILED
C8MR,01,01,,,,,,,,,,,,,$>01,PASSED
C8LO,03,03,,,,,,,00,02,,,,,$>03,PASSED
C8LC,00,00,,,,,,,,,,,,,$>00,PASSED
C8L2,50,50,,,,,,,,2E,,,,,$>50,PASSED
C8L1,01,01,,,,,,,,08,,,,,$>01,PASSED
C8ID,540000,230000,,4B0000,230000,232000,,,232000,4B0000,540000,,,230000,$>540000,FAILED
C8EN,01,01,,,,,,,,,,,,,$>01,PASSED
C8DL,03,03,,,,,,,,,,,,,$>03,PASSED
C8DA,03,03,,,,,,,,01,,,,,$>03,PASSED
C8CT,00,00,,,,,,,,,,,,,$>00,PASSED
C8CO,00,00,,,,,,,,,,,,,$%,FAILED
C8C3,00,00,,,,,,,,,,,,,$>00,PASSED
C8AI,00,00,,,,,,,,,,,,,$>00,PASSED
C7ID,244E00,244E00,,4E0000,,,,,,,,,,,$>244E00,PASSED
C7AI,00,00,,,,,,,,,,,,,$>00,PASSED
C6ID,700000,700000,,,,,,,,,,,,,$%,FAILED
C5MR,01,01,,,,,,,,,,,,,$%,FAILED
C5ID,6A0000,6A0000,,,,,,,,,,,,,$>6A0000,PASSED
C5HD,01,01,,,,,,,,,,,,,$%,FAILED
C5EN,00,00,,,,,,,,,,,,,$>00,PASSED
C5DL,03,03,,,,,,,,,,,,,$%,FAILED
C5DA,03,03,n.a.,n.a.,,n.a.,n.a.,,n.a.,n.a.,n.a.,n.a.,n.a.,,$%,FAILED
C5CT,01,01,,,,,,,,,,,,,$%,FAILED
C5AI,00,00,,,,,,,,,,,,,$>00,PASSED
C4ID,710000,710000,,,,,,,,,,,,,$%,FAILED
C3ST,01,01,,,,,,,,,,,,,$%,FAILED
C3SS,00,00,,,01,,,,,,,,,01,$>00,PASSED
C3MR,02,02,,,,,,,,,,,,,$>02,PASSED
C3LO,00,00,,,,,,,,01,,,,,$>00,PASSED
C3LC,00,00,,,,,,,,,,,,,$>00,PASSED
C3L2,32,32,,,,,,,,10,,,,,$>32,PASSED
C3L1,02,02,,,,,,,,08,,,,,$>02,PASSED
C3IR,04,04,,,,,,,,,,,,,$>04,PASSED
C3ID,560000,2A0000,,4D0000,2A0000,2A2000,,,2A2000,4D0000,560000,,,2A0000,$>560000,FAILED
C3FA,00,00,,,,,,,,,,,,,$>00,PASSED
C3EN,01,01,,,,,,,,00,,,,,$>01,PASSED
C3DL,03,03,,,,,,,,,,,,,$>03,PASSED
C3DA,03,03,,,,,,,,01,,,,,$>03,PASSED
C3CT,01,01,,,,,,,,,,,,,$>01,PASSED
C3CO,00,00,,,,,,,,,,,,,$%,FAILED
C3CC,00,00,,,,,,,,,,,,,$>00,PASSED
C3AI,00,00,,,,,,,,,,,,,$>00,PASSED
C2ID,680000,680000,,480000,,682000,,,682000,,,,,,$>680000,PASSED
C1ST,00,00,,,,,,,,,,,,,$%,FAILED
C1MR,02,02,,,,,,,,,,,,,$%,FAILED
C1LC,00,00,,,,,,,,,,,,,$>00,PASSED
C1L2,32,32,,,,,,,,,,,,,$>32,PASSED
C1L1,04,04,,,,,,,,,,,,,$>04,PASSED
C1IR,04,04,,,,,,,,,,,,,$%,FAILED
C1ID,620000,434500,,,434500,,,,,,620000,,,434500,$>620000,FAILED
C1EN,00,00,,,,,,,,,,,,,$>00,PASSED
C1DL,03,03,,,,,,,,,,,,,$%,FAILED
C1DA,03,03,,,,,,,,,,,,,$%,FAILED
C1CT,01,01,,,,,,,,,,,,,$>01,PASSED
C1CO,00,00,,,,,,,,,,,,,$%,FAILED
C1CC,03,03,,,,,,,,,,,,,$>03,PASSED
C1AI,00,00,,,,,,,,,,,,,$>00,PASSED
BTTD,00,00,,,,,,,,,,,,,$>00,PASSED
BTTA,00,00,,,,,,,,,,,,,$%,FAILED
BTST,02,02,,,,,,,,,,,,,$%,FAILED
BTSP,00,00,,,,,,,,,,,,,$%,FAILED
BTSE,00,00,,,,,,,,,,,,,$%,FAILED
BTRM,01,01,,,,,,,,,,,,,$%,FAILED
BTRI,00,00,,,,,,,,,,,,,$%,FAILED
BTPT,19,19,,,,,,,,,,,,,$%,FAILED
BTPS,00,00,,,,,,,,,,,,,$%,FAILED
BTPP,00,00,,,,,,,,,,,,,$%,FAILED
BTPE,00,00,,,,,,,,,,,,,$%,FAILED
BTPC,31323334,31323334,,,,,,,,,,,,,$%,FAILED
BTP6,31323334353637383930414243444546,31323334353637383930414243444546,,,,,,,,,,,,,$%,FAILED
BTMS,07,07,,,,,,,,,,,,,$%,FAILED
BTLT,02,02,,,,,,,,,,,,,$%,FAILED
BTLB,00,00,,,,,,,,,,,,,$>00,PASSED
BTHP,00,00,,,,,,,,,,,,,$%,FAILED
BTHO,00,00,,,,,,,,,,,,,$%,FAILED
BTHK,00,00,,,,,,,,,,,,,$%,FAILED
BTFU,00,00,,,,,,,,,,,,,$>00,PASSED
BTFN,0000000000000000000000000000000000000000000000000000000000000000,0000000000000000000000000000000000000000000000000000000000000000,,,,,,,,,,,,,$%,FAILED
BTEP,01,01,,,,,,,,,,,,,$%,FAILED
BTEN,01,01,,,,,,,,,,,,,$%,FAILED
BTDL,00,00,,,,,,,,,,,,,$>00,PASSED
BTDB,01,01,,,,,,,,,,,,,$>01,PASSED
BTCU,01,01,,,,,,,,,,,,,$>01,PASSED
BTCM,01,01,,,,,,,,,,,,,$%,FAILED
BTCB,01,01,,,,,,,,,,,,,$>01,PASSED
BTBV,02,02,,,,,,,,,,,,,$>02,PASSED
BTBM,00,00,,,,,,,,,,,,,$>00,PASSED
BTBF,00,00,,,,,,,,,,,,,$>00,PASSED
BTBD,08,08,,,,,,,,,,,,,$>08,PASSED
BTAT,00,00,,,,,,,,,,,,,$%,FAILED
BTAS,00,00,,,,,,,,,,,,,$>00,PASSED
BTAD,00,00,,,,,,,,,,,,,$>00,PASSED
BTAB,01,01,,,,,,,,,,,,,$>01,PASSED
BPVS,01,01,,,,,,,,,,,,,$%,FAILED
BPVO,03,03,,,,,,,,,,,,,$>03,PASSED
BPTY,00,00,,,,,,,,,,,,,$>00,PASSED
BPPU,01,01,,,,,,,,,,,,,$>01,PASSED
BPNF,01,01,,,,,,,,,,,,,$>01,PASSED
BPLE,08,08,,,,,,,,,,,,,$>08,PASSED
BPIN,00,00,,,,,,,,,,,,,$>00,PASSED
BPIC,00,00,,,,,,,,,,,,,$%,FAILED
BPFR,01,01,,,,,,,,,,,,,$>01,PASSED
BCMR,01,01,,,,,,,,,,,,,$%,FAILED
BCLC,00,00,,,,,,,,,,,,,$>00,PASSED
BCL2,32,32,,,,,,,,,,,,,$>32,PASSED
BCL1,01,01,,,,,,,,,,,,,$>01,PASSED
BCID,390000,390000,,,,392000,,,392000,,,,,,$>390000,PASSED
BCEN,00,00,,,,,,,,,,,,,$>00,PASSED
BCDL,03,03,,,,,,,,,,,,,$%,FAILED
BCDA,03,03,,,,,,,,,,,,,$%,FAILED
BCCT,01,01,,,,,,,,,,,,,$>01,PASSED
BCCC,01,01,,,,,,,,,,,,,$>01,PASSED
BCAI,00,00,,,,,,,,,,,,,$>00,PASSED
BBEN,01,01,,,,,,,,,,,,,$>01,PASSED
AZMF,00,00,,,,,,,,,,,,,$>00,PASSED
AZLC,00,00,,,,,,,,,,,,,$>00,PASSED
AZL2,0EF8,0EF8,,,,,,,,,,,,,$>0EF8,PASSED
AZL1,0001,0001,,,,,,,,,,,,,$>0001,PASSED
AZID,210000,417A00,,560000,500000,,,,,,210000,,,500000,$>210000,FAILED
AZEN,01,01,,,00,,,,,,,00,,00,$>01,PASSED
AZAI,00,00,,,,,,,,,,,,,$>00,PASSED
AUAI,00,00,,,,,,,,,,,,,$>00,PASSED
APAI,00,00,,,,,,,,,,,,,$>00,PASSED
AMID,244800,410000,,,410000,,,,,,244800,,,410000,$>244800,FAILED
ALID,6F0000,6F0000,,,,,,,,,,,,,$>6F0000,PASSED
AIEN,00,00,,,,,,,01,,,,,,$>00,PASSED
AFEN,01,01,,,,,,,,,,,,,$%,FAILED
ADUT,00,00,,,,,,,,,,,,,$%,FAILED
ADOT,07,07,,,,,,,,,,,,,$>07,PASSED
ADO8,00,00,,,,,,,,,,,,,$%,FAILED
ADO5,00,00,,,,,,,,,,,,,$>00,PASSED
ADO2,00,00,,,,,,,,,,,,,$>00,PASSED
ADM8,01,01,,,,,,,,,,,,,$%,FAILED
ADM5,01,01,,,,,,,,,,,,,$>01,PASSED
ADM2,02,02,,,,,,,,,,,,,$>02,PASSED
ADC4,9780,9780,,,,,,,,,,,,,$>9780,PASSED
ADC3,9770,9770,,,,,,,,,,,,,$>9770,PASSED
ADC2,3790,3790,,,,,,,,,,,,,$>3790,PASSED
ADC1,3780,3780,,,,,,,,4918,,,,,$>3780,PASSED
ACID,530000,530000,,4E0000,,,,,,,,,,,$>530000,PASSED
ACAI,00,00,,,,,,,,,,,,,$>00,PASSED
ABNS,01,01,,,,,,,,,,,,,$>01,PASSED
ABMR,01,01,,,,,,,,,,,,,$>01,PASSED
ABID,430000,410000,,,410000,412000,,,412000,410000,430000,,,410000,$>430000,FAILED
ABEN,01,01,,,,,,,,,,,,,$>01,PASSED
ABCT,01,01,,,,,,,,,,,,,$>01,PASSED
ABAI,00,00,,,,,,,,,,,,,$>00,PASSED
AB3B,00,00,,01,,,,,,,,,,,$>00,PASSED
AB2D,00,00,,,,,,,,,,,,,$>00,PASSED
A8ID,510000,410000,410000,410000,,,410000,,,,510000,,,,$%,FAILED
A8AI,00,00,,,,,,,,,,,,,$%,FAILED
A5ID,470000,410000,,,410000,412000,,,412000,412000,470000,,,410000,$>470000,FAILED
A5AI,00,00,,,,,,,,,,,,,$>00,PASSED
A2ID,460000,410000,,,410000,412000,,,412000,412000,460000,,,410000,$>460000,FAILED
A2AI,00,00,,,,,,,,,,,,,$>00,PASSED
8MID,244700,464600,,420000,464600,,,,,,244700,,,464600,$>244700,FAILED
8CAI,00,00,,,,,,,,,,,,,$>00,PASSED
8BSU,00,00,,,,,,,,,,,,,$%,FAILED
8BSE,00,00,,,,,,,,,,,,,$%,FAILED
8BSB,08,08,,,,,,,,,,,,,$>08,PASSED
8BMR,01,01,,,,,,,,,,,,,$>01,PASSED
8BID,410000,464600,,420000,464600,,,,,,410000,,,464600,$>410000,FAILED
8BGS,01,01,,,,,,,,,,,,,$%,FAILED
8BGI,00,00,,,,,,,,,,,,,$%,FAILED
8BG2,00,00,,,,,,,,,,,,,$%,FAILED
8BEN,01,01,,,,,,,,,,,,,$>01,PASSED
8BCT,01,01,,,,,,,,,,,,,$>01,PASSED
8BAI,00,00,,,,,,,,,,,,,$>00,PASSED
8B3B,00,00,,,,,,,,,,,,,$>00,PASSED
8B2D,00,00,,,,,,,,,,,,,$>00,PASSED
88ID,2A0000,464600,464600,420000,,,464600,,,,2A0000,,,,$%,FAILED
88AI,00,00,,,,,,,,,,,,,$%,FAILED
85ID,4B0000,464600,,420000,464600,,,,,,4B0000,,,464600,$>4B0000,FAILED
85AI,00,00,,,,,,,,,,,,,$>00,PASSED
82ID,4A0000,464600,,420000,464600,,,,,,4A0000,,,464600,$>4A0000,FAILED
82AI,00,00,,,,,,,,,,,,,$>00,PASSED
4CID,630000,523400,,450000,523400,,,,,,523400,,,523400,$>523400,PASSED
4CAI,00,00,,,,,,,,,,,,,$>00,PASSED
4BU8,00,00,,,,,,,,,,,,,$>00,PASSED
4BMR,01,01,,,,,,,,,,,,,$%,FAILED
4BID,750000,523400,,450000,523400,,,,,520000,750000,,,523400,$>750000,FAILED
4BEN,00,00,,,01,,,,,,,,,01,$>00,PASSED
4BDA,03,03,,,,,,,,,,,,,$%,FAILED
4BAI,00,00,,,,,,,,,,,,,$>00,PASSED
4B2D,00,00,,,,,,,,,,,,,$>00,PASSED
3MID,244600,460000,,410000,460000,460000,,,,,244600,,,460000,$>244600,FAILED
3CAI,00,00,,,,,,,,,,,,,$>00,PASSED
3BMR,01,01,,,,,,,,,,,,,$>01,PASSED
3BIS,00,00,,,,,,,,,,,,,$>00,PASSED
3BIN,00,00,,,,,,,,,,,,,$>00,PASSED
3BID,420000,460000,,410000,460000,462000,,,462000,460000,420000,,,460000,$>420000,FAILED
3BF1,01,01,,,,,,,,,,,,,$>01,PASSED
3BEN,01,01,,,,,,,,,,,,,$>01,PASSED
3BCT,01,01,,,,,,,,,,,,,$>01,PASSED
3BAI,00,00,,,,,,,,,,,,,$>00,PASSED
3B2D,00,00,,,,,,,,,,,,,$>00,PASSED
38ID,230000,460000,460000,410000,,,460000,,,,230000,,,,$%,FAILED
38AI,00,00,,,,,,,,,,,,,$%,FAILED
