Name,CI_Master_Default_Bologna,CI_Master_Default_Eugene,CI_Class2_Default,CI_Class3_Default,CI_Class4_Default,CI_Class5_Default,CI_Class6_Default,CI_Class7_Default,CI_Class8_Default,CI_Class9_Default,CI_Class10_Default,CI_Class11_Default,CI_Class12_Default,CI_Class13_Default,CI_Class14_Default,CI_Class15_Default
ETTE,0x0D00000000000000000000000000000000000000,0x0D00000000000000000000000000000000000000,,,,,,,,,,,,,,
DDTI,60,60,,,,,,,,,,,,,,
PWRD,0x00,0x00,,,,,,,,,,,,,,
DDTH,625,625,,,,,,,,,,,,,,
BBFT,0x02,0x02,,,,,,,,,,,,,,
ETDD,0x00,0x00,,,,,,,,,,,,,,
ETLP,52000,52000,,,,,,,,,,,,,,
ETAI,0x00,0x00,,,,,,,,,,,,,,
ULPE,0x01,0x01,,,,,,,,,,,,,,
SNLS,0x01,0x01,,,,,,,,,,,,,,
SNHS,0x01,0x01,,,,,,,,,,,,,,
SNHD,0x00,0x00,,,,,,,,,,,,,,
SNBL,0x01,0x01,,,,,,,,,,,,,,
SNBL,,,,,,,,,,,,,,,,
SITF,0x47,0x47,,,,,,,,,,,,,,
RFTA,0x01,0x01,,,,,,,,,,,,,,
RFPP,0x00,0x00,,,,,,,,,,,,,,
RFEA,0x01,0x01,,,,,,,,,,,,,,
RFDA,0x00,0x00,,,,,,,,,,,,,,
RFCA,0x00,0x00,,,,,,,,,,,,,,
PWE2,0x00000000000000000000000000000000,0x00000000000000000000000000000000,,,,,,,,,,,,,,
PWE1,0,0,,,,,,,,,,,,,,
KF51,0x0000,0x0000,,,,,,,,,,,,,,
KF41,0x0000,0x0000,,,,,,,,,,,,,,
KF31,0x0000,0x0000,,,,,,,,,,,,,,
KF23,0x0000,0x0000,,,,,,,,,,,,,,
KF22,0x0000,0x0000,,,,,,,,,,,,,,
KF21,0x0000,0x0000,,,,,,,,,,,,,,
KF13,0x0000,0x0000,,,,,,,,,,,,,,
KF12,0x0000,0x0000,,,,,,,,,,,,,,
KF11,0x0000,0x0000,,,,,,,,,,,,,,
GSAL,0x00,0x00,,,,,,,,,,,,,,
FAMC,,,,,,,,,,,,,,,,
DTTW,0xC8,0xC8,,,,,,,,,,,,,,
DTTL,0x04,0x04,,,,,,,,,,,,,,
DTTH,0x50,0x50,,,,,,,,,,,,,,
DTLA,0x64,0x64,,,,,,,,,,,,,,
DLDE,1,1,,,,,,,,,,,,,,
BTWF,0x00000000000000000000,0x00000000000000000000,,,,,,,,,,,,,,
BTSL,0x01,0x01,,,,,,,,,,,,,,
BTSF,0x00,0x00,,,,,,,,,,,,,,
BTLD,0x00,0x00,,,,,,,,,,,,,,
BTDT,0x02,0x02,,,,,,,,,,,,,,
BTCR,0x00,0x00,,,,,,,,,,,,,,
BTAC,0x00,0x00,,,,,,,,,,,,,,
BSPD,0x00,0x00,,,,,,,,,,,,,,
BPCE,0x01,0x01,,,,,,,,,,,,,,
BLAR,0x01,0x01,,,,,,,,,,,,,,
BCHP,0x00,0x00,,,,,,,,,,,,,,
BALM,0x32,0x32,,,,,,,,,,,,,,
DLSF,,,,,,,,,,,,,,,,
DLFF,,,,,,,,,,,,,,,,
DLDF,,,,,,,,,,,,,,,,
DLFS,,,,,,,,,,,,,,,,
DLEN,,,,,,,,,,,,,,,,
T4SF,,,,,,,,,,,,,,,,
T4TO,,,,,,,,,,,,,,,,
T4A2,,,,,,,,,,,,,,,,
T4A1,,,,,,,,,,,,,,,,
T45R,,,,,,,,,,,,,,,,
T45T,,,,,,,,,,,,,,,,
T45S,,,,,,,,,,,,,,,,
T45L,,,,,,,,,,,,,,,,
T45C,,,,,,,,,,,,,,,,
T44R,,,,,,,,,,,,,,,,
T44T,,,,,,,,,,,,,,,,
T44S,,,,,,,,,,,,,,,,
T44L,,,,,,,,,,,,,,,,
T44C,,,,,,,,,,,,,,,,
T43R,,,,,,,,,,,,,,,,
T43T,,,,,,,,,,,,,,,,
T43S,,,,,,,,,,,,,,,,
T43L,,,,,,,,,,,,,,,,
T43C,,,,,,,,,,,,,,,,
T42R,,,,,,,,,,,,,,,,
T42T,,,,,,,,,,,,,,,,
T42S,,,,,,,,,,,,,,,,
T42L,,,,,,,,,,,,,,,,
T42C,,,,,,,,,,,,,,,,
T41R,,,,,,,,,,,,,,,,
T41T,,,,,,,,,,,,,,,,
T41S,,,,,,,,,,,,,,,,
T41L,,,,,,,,,,,,,,,,
T41C,,,,,,,,,,,,,,,,
T4RR,,,,,,,,,,,,,,,,
T4RF,,,,,,,,,,,,,,,,
T4RE,,,,,,,,,,,,,,,,
T4AN,,,,,,,,,,,,,,,,
T4AT,,,,,,,,,,,,,,,,
T4AC,,,,,,,,,,,,,,,,
T4AE,,,,,,,,,,,,,,,,
T4MP,,,,,,,,,,,,,,,,
T4MC,,,,,,,,,,,,,,,,
T4ML,,,,,,,,,,,,,,,,
T4MT,,,,,,,,,,,,,,,,
T4EN,,,,,,,,,,,,,,,,
T3SF,,,,,,,,,,,,,,,,
T3TO,,,,,,,,,,,,,,,,
T3A2,,,,,,,,,,,,,,,,
T3A1,,,,,,,,,,,,,,,,
T35R,,,,,,,,,,,,,,,,
T35T,,,,,,,,,,,,,,,,
T35S,,,,,,,,,,,,,,,,
T35L,,,,,,,,,,,,,,,,
T35C,,,,,,,,,,,,,,,,
T34R,,,,,,,,,,,,,,,,
T34T,,,,,,,,,,,,,,,,
T34S,,,,,,,,,,,,,,,,
T34L,,,,,,,,,,,,,,,,
T34C,,,,,,,,,,,,,,,,
T33R,,,,,,,,,,,,,,,,
T33T,,,,,,,,,,,,,,,,
T33S,,,,,,,,,,,,,,,,
T33L,,,,,,,,,,,,,,,,
T33C,,,,,,,,,,,,,,,,
T32R,,,,,,,,,,,,,,,,
T32T,,,,,,,,,,,,,,,,
T32S,,,,,,,,,,,,,,,,
T32L,,,,,,,,,,,,,,,,
T32C,,,,,,,,,,,,,,,,
T31R,,,,,,,,,,,,,,,,
T31T,,,,,,,,,,,,,,,,
T31S,,,,,,,,,,,,,,,,
T31L,,,,,,,,,,,,,,,,
T31C,,,,,,,,,,,,,,,,
T3RR,,,,,,,,,,,,,,,,
T3RF,,,,,,,,,,,,,,,,
T3RE,,,,,,,,,,,,,,,,
T3AN,,,,,,,,,,,,,,,,
T3AT,,,,,,,,,,,,,,,,
T3AC,,,,,,,,,,,,,,,,
T3AE,,,,,,,,,,,,,,,,
T3MP,,,,,,,,,,,,,,,,
T3MC,,,,,,,,,,,,,,,,
T3ML,,,,,,,,,,,,,,,,
T3MT,,,,,,,,,,,,,,,,
T3EN,,,,,,,,,,,,,,,,
T2SF,,,,,,,,,,,,,,,,
T2TO,,,,,,,,,,,,,,,,
T2A2,,,,,,,,,,,,,,,,
T2A1,,,,,,,,,,,,,,,,
T25R,,,,,,,,,,,,,,,,
T25T,,,,,,,,,,,,,,,,
T25S,,,,,,,,,,,,,,,,
T25L,,,,,,,,,,,,,,,,
T25C,,,,,,,,,,,,,,,,
T24R,,,,,,,,,,,,,,,,
T24T,,,,,,,,,,,,,,,,
T24S,,,,,,,,,,,,,,,,
T24L,,,,,,,,,,,,,,,,
T24C,,,,,,,,,,,,,,,,
T23R,,,,,,,,,,,,,,,,
T23T,,,,,,,,,,,,,,,,
T23S,,,,,,,,,,,,,,,,
T23L,,,,,,,,,,,,,,,,
T23C,,,,,,,,,,,,,,,,
T22R,,,,,,,,,,,,,,,,
T22T,,,,,,,,,,,,,,,,
T22S,,,,,,,,,,,,,,,,
T22L,,,,,,,,,,,,,,,,
T22C,,,,,,,,,,,,,,,,
T21R,,,,,,,,,,,,,,,,
T21T,,,,,,,,,,,,,,,,
T21S,,,,,,,,,,,,,,,,
T21L,,,,,,,,,,,,,,,,
T21C,,,,,,,,,,,,,,,,
T2RR,,,,,,,,,,,,,,,,
T2RF,,,,,,,,,,,,,,,,
T2RE,,,,,,,,,,,,,,,,
T2AN,,,,,,,,,,,,,,,,
T2AT,,,,,,,,,,,,,,,,
T2AC,,,,,,,,,,,,,,,,
T2AE,,,,,,,,,,,,,,,,
T2MP,,,,,,,,,,,,,,,,
T2MC,,,,,,,,,,,,,,,,
T2ML,,,,,,,,,,,,,,,,
T2MT,,,,,,,,,,,,,,,,
T2EN,,,,,,,,,,,,,,,,
T1SF,,,,,,,,,,,,,,,,
T1TO,,,,,,,,,,,,,,,,
T1A2,,,,,,,,,,,,,,,,
T1A1,,,,,,,,,,,,,,,,
T15R,,,,,,,,,,,,,,,,
T15T,,,,,,,,,,,,,,,,
T15S,,,,,,,,,,,,,,,,
T15L,,,,,,,,,,,,,,,,
T15C,,,,,,,,,,,,,,,,
T14R,,,,,,,,,,,,,,,,
T14T,,,,,,,,,,,,,,,,
T14S,,,,,,,,,,,,,,,,
T14L,,,,,,,,,,,,,,,,
T14C,,,,,,,,,,,,,,,,
T13R,,,,,,,,,,,,,,,,
T13T,,,,,,,,,,,,,,,,
T13S,,,,,,,,,,,,,,,,
T13L,,,,,,,,,,,,,,,,
T13C,,,,,,,,,,,,,,,,
T12R,,,,,,,,,,,,,,,,
T12T,,,,,,,,,,,,,,,,
T12S,,,,,,,,,,,,,,,,
T12L,,,,,,,,,,,,,,,,
T12C,,,,,,,,,,,,,,,,
T11R,,,,,,,,,,,,,,,,
T11T,,,,,,,,,,,,,,,,
T11S,,,,,,,,,,,,,,,,
T11L,,,,,,,,,,,,,,,,
T11C,,,,,,,,,,,,,,,,
T1RR,,,,,,,,,,,,,,,,
T1RF,,,,,,,,,,,,,,,,
T1RE,,,,,,,,,,,,,,,,
T1AN,,,,,,,,,,,,,,,,
T1AT,,,,,,,,,,,,,,,,
T1AC,,,,,,,,,,,,,,,,
T1AE,,,,,,,,,,,,,,,,
T1MP,,,,,,,,,,,,,,,,
T1MC,,,,,,,,,,,,,,,,
T1ML,,,,,,,,,,,,,,,,
T1MT,,,,,,,,,,,,,,,,
T1EN,,,,,,,,,,,,,,,,
CNTT,,,,,,,,,,,,,,,,
CNTO,,,,,,,,,,,,,,,,
CNRT,,,,,,,,,,,,,,,,
CNL2,,,,,,,,,,,,,,,,
CNT2,,,,,,,,,,,,,,,,
CNL1,,,,,,,,,,,,,,,,
CNT1,,,,,,,,,,,,,,,,
CNEN,,,,,,,,,,,,,,,,
AFNM,,,,,,,,,,,,,,,,
XCEM,0x00,0x00,,,,,,,,,,,,,,
UITA,0x00,0x00,,,,,,,,,,,,,,
UISM,0x00,0x00,,,,,,,,,,,,,,
VBPE,0x00,0x00,,,,,,,,,,,,,,
UCEM,0x00,0x00,,,,,,,,,,,,,,
TLLC,0x00,0x00,,,,,,,,,,,,,,
TLL2,0x0174,0x0174,,,,,,,,,,,,,,
TLL1,0x0007,0x0007,,,,,,,,,,,,,,
TLID,0x247600,0x247600,,,,,,,,,,,,,,
TLAI,0x00,0x00,,,,,,,,,,,,,,
TLEN,0x00,0x00,,,,,,,,,,,,,,
SPSE,0x64,0x64,,,,,,,,,,,,,,
SMTA,0x65,0x65,,,,,,,,,,,,,,
SMSM,0x00,0x00,,,,,,,,,,,,,,
SMAS,0x00,0x00,,,,,,,,,,,,,,
QRET,0x01,0x01,,,,,,,,,,,,,,
P4ET,0x01,0x01,,,,,,,,,,,,,,
MXET,0x01,0x01,,,,,,,,,,,,,,
MIET,0x01,0x01,,,,,,,,,,,,,,
LOGT,0x0A,0x0A,,,,,,,,,,,,,,
LCEM,0x00,0x00,,,,,,,,,,,,,,
ECEM,0x00,0x00,,,,,,,,,,,,,,
DMET,0x01,0x01,,,,,,,,,,,,,,
DMEC,0x00,0x00,,,,,,,,,,,,,,
DCET,0x01,0x01,,,,,,,,,,,,,,
CSET,0x01,0x01,,,,,,,,,,,,,,
CMET,0x01,0x01,,,,,,,,,,,,,,
AZET,0x01,0x01,,,,,,,,,,,,,,
ACEM,0x00,0x00,,,,,,,,,,,,,,
8CEM,0x00,0x00,,,,,,,,,,,,,,
4CEM,0x00,0x00,,,,,,,,,,,,,,
3CEM,0x00,0x00,,,,,,,,,,,,,,
ETPT,0x05,0x05,,,,,,,,,,,,,,
ETPM,0x00,0x00,,,,,,,,,,,,,,
DCLC,0x00,0x00,,,,,,,,,,,,,,
DCL2,0x32,0x32,,,,,,,,,,,,,,
DCL1,0x03,0x03,,,,,,,,,,,,,,
USTM,0x14,0x14,,,,,,,,,,,,,,
SNTR,0x01,0x01,,,,,,,,,,,,,,
P1LC,0x00,0x00,,,,,,,,,,,,,,
P1L2,0x06,0x06,,,,,,,,,,,,,,
P1L1,0x02,0x02,,,,,,,,,,,,,,
P1ID,0x5E7000,0x5E7000,,,,,,,,,,,,,,
P1DI,0x00,0x00,,,,,,,,,,,,,,
P1EN,0x00,0x00,,,,,,,,,,,,,,
P1AI,0x00,0x00,,,,,,,,,,,,,,
OMID,0x246D00,0x246D00,,,,,,,,,,,,,,
OMAI,0x00,0x00,,,,,,,,,,,,,,
OBID,0x247000,0x247000,,,,,,,,,,,,,,
OBAI,0x00,0x00,,,,,,,,,,,,,,
OAID,0x246F00,0x246F00,,,,,,,,,,,,,,
OAAI,0x00,0x00,,,,,,,,,,,,,,
LBID,0x760000,0x524C00,,0x450000,0x523400,,,,,,0x760000,,,0x523400,,
LADI,0x01,0x01,,,,,,,,,,,,,,
LADF,0x01,0x01,,,,,,,,,,,,,,
IPAG,0x01,0x01,,,,,,,,,,,,,,
FSEN,0x01,0x01,,,,,,,,,,,,,,
FAMC,0x3030303031,0x3030303031,,,,,,,,,,,,,,
DWSC,0x03,0x03,,,,,,,,,,,,,,
DWPR,0x00,0x00,,,,,,,,,,,,,,
DWID,0x2B0000,0x2B0000,,,,,,,,,,,,,,
DWEN,0x00,0x00,,,,,,,,,,,,,,
DWAI,0x00,0x00,,,,,,,,,,,,,,
DPME,0x01,0x01,,,,,,,,,,,,,,
DGTM,0x00,0x00,,,,,,,,,,,,,,
DDBE,0x00,0x00,,,,,,,,,,,,,,
DCID,0x246400,0x246400,,,,,,,,,,,,,,
DCAI,0x00,0x00,,,,,,,,,,,,,,
R2AL,0x00,0x00,,,,,,,,,,,,,,
PCLC,0x00,0x00,,,,,,,,,,,,,,
PCL2,0x06,0x06,,,,,,,,,,,,,,
PCL1,0x02,0x02,,,,,,,,,,,,,,
PCDI,0x00,0x00,,,,,,,,,,,,,,
PCEN,0x00,0x00,,,,,,,,,,,,,,
DETP,0x03,0x03,,,,,,,,,,,,,,
I2FE,0x00,0x00,,,,,,,,,,,,,,
TSKC,0x00,0x00,,,,,,,,,,,,,,
DS10,0x0000000000000000000000000000000000000000,0x0000000000000000000000000000000000000000,,,,,,,,,,,,,,
DS09,0x0000000000000000000000000000000000000000,0x0000000000000000000000000000000000000000,,,,,,,,,,,,,,
DS08,0x0000000000000000000000000000000000000000,0x0000000000000000000000000000000000000000,,,,,,,,,,,,,,
DS07,0x0000000000000000000000000000000000000000,0x0000000000000000000000000000000000000000,,,,,,,,,,,,,,
DS06,0x0000000000000000000000000000000000000000,0x0000000000000000000000000000000000000000,,,,,,,,,,,,,,
DS05,0x0000000000000000000000000000000000000000,0x0000000000000000000000000000000000000000,,,,,,,,,,,,,,
DS04,0x0000000000000000000000000000000000000000,0x0000000000000000000000000000000000000000,,,,,,,,,,,,,,
DS03,0x0000000000000000000000000000000000000000,0x0000000000000000000000000000000000000000,,,,,,,,,,,,,,
DS02,0x0000000000000000000000000000000000000000,0x0000000000000000000000000000000000000000,,,,,,,,,,,,,,
DS01,0x0000000000000000000000000000000000000000,0x0000000000000000000000000000000000000000,,,,,,,,,,,,,,
DN10,0x00,0x00,,,,,,,,,,,,,,
DN09,0x00,0x00,,,,,,,,,,,,,,
DN08,0x00,0x00,,,,,,,,,,,,,,
DN07,0x00,0x00,,,,,,,,,,,,,,
DN06,0x00,0x00,,,,,,,,,,,,,,
DN05,0x00,0x00,,,,,,,,,,,,,,
DN04,0x00,0x00,,,,,,,,,,,,,,
DN03,0x00,0x00,,,,,,,,,,,,,,
DN02,0x00,0x00,,,,,,,,,,,,,,
DN01,0x00,0x00,,,,,,,,,,,,,,
SNPF,0x00,0x00,,,,,,,,,,,,,,
OCMU,0x01,0x01,,,,,,,,,,,,,,
OCEN,0x00000000,0x00000000,,,,,,,,,,,,,,
OCCF,0x37,0x37,,,,,,,,,,,,,,
CMO8,0x07,0x07,,,,,,,,,,,,,,
IPTE,,,,,,,,,,,,,,,,
IPTD,,,,,,,,,,,,,,,,
IPTC,,,,,,,,,,,,,,,,
IPTB,,,,,,,,,,,,,,,,
IPTA,,,,,,,,,,,,,,,,
SLPO,0x01,0x01,,,,,,,,,,,,,,
SLPL,0x0A,0x0A,,,,,,,,,,,,,,
DCMI,0x01,0x01,,,,,,,,,,,,,,
DCMA,0x10,0x10,,,,,,,,,,,,,,
DCHS,0x01,0x01,,,,,,,,,,,,,,
DCCP,0x00,0x00,,,,,,,,,,,,,,
HAON,0x01,0x01,,,,,,,,,,,,,,
DLGE,0x00,0x00,,,,,,,,,,,,,,
BTOB,0x00,0x00,,,,,,,,,,,,,,
BALH,0x64,0x64,,,,,,,,,,,,,,
BALL,0x02,0x02,,,,,,,,,,,,,,
BALO,0x00,0x00,,,,,,,,,,,,,,
GBGT,0x02,0x02,,,,,,,,,,,,,,
PRCT,0x00,0x00,,,,,,,,,,,,,,
PRPC,0x01,0x01,,,,,,,,,,,,,,
ARMR,0x00,0x00,,,,,,,,,,,,,,
DIAR,0,0,,,,,,,,,,,,,,
EDFC,0x01,0x01,,,,,,,,,,,,,,
DCID,0x246400,0x246400,,,,n.a.,,,,,,,,,,
DICM,0,0,,,,,,,,,,,,,,
DMAS,0,0,,,,,,,,,,,,,,
DISW,0,0,,,,,,,,,,,,,,
PWSG,0x3D000000,0x3D000000,,,,,,,,,,,,,,
PWSF,0x3D000000,0x3D000000,,,,,,,,,,,,,,
DALS,0x00000000000000000000000000000000,0x00000000000000000000000000000000,,,,,,,,,,,,,,
DLEN,1,1,,,,,,,,,,,,,,
MSLE,0x01,0x01,,,,,,,,,,,,,,
NTDE,0x01,0x01,,,,,,,,,,,,,,
STCR,0x00,0x00,,,,,,,,,,,,,,
NSLE,0x00,0x00,,,,,,,,,,,,,,
UOSE,0x00,0x00,,,,,,,,,,0x00,,,,
P4DS,0x01,0x01,,,,,,,,,,,,,,
SPEL,0x05,0x05,,,,,,,,,,,,,,
RBCC,0,0,,,,,,,,,,,,,,
OCPT,0x01,0x01,,,,,,,,,,,,,,
LPWL,0x1E,0x1E,,,,,,,,,,,,,,
IPWL,0x64,0x64,,,,,,,,,,,,,,
IPLR,0x00,0x00,,,,,,,,,,,,,,
I2SM,0x00,0x00,,,,,,,,,,,,,,
I2LM,0x00,0x00,,,,,,,,,,,,,,
I2FM,0x00,0x00,,,,,,,,,,,,,,
ENCO,0x00,0x00,,,,,,,,,,,,,,
DCEN,0x00,0x00,,,,,,,,,,,,,,
AUXM,0,0,,,,,,,,,,,,,,
AUPW,0,0,,,,,,,,,,,,,,
AUGR,0,0,,,,,,,,,,,,,,
AUEM,0,0,,,,,,,,,,,,,,
AUBR,0x0B,0x0B,,,,,,,,,,,,,,
AUAL,0x00,0x00,,,,,,,,,,,,,,
RBHT,0x14,0x14,,,,,,,,,,,,,,
RBFT,0x14,0x14,,,,,,,,,,,,,,
RBRT,0x00,0x00,,,,,,,,,,,,,,
RBID,0x04,0x04,,,,,,,,,,,,,,
RBSC,0x03,0x03,,,,,,,,,,,,,,
RBSE,1,1,,,,,,,,,,,,,,
RBCL,0x01,0x01,,,,,,,,,,,,,,
RBGE,0x01,0x01,,,,,,,,,,,,,,
VBGL,0x00,0x00,,,,,,,,,,,,,,
VBGE,0x00,0x00,,,,,,,,,,,,,,
AUEN,0x00,0x00,,,,,,,,,,,,,,
RBP2,0x89F205DC40000705030005DC40000705030F0000000000000000000000000000000000000000000000000000000000000000,0x89F205DC40000705030005DC40000705030F0000000000000000000000000000000000000000000000000000000000000000,,,,,,,,,,,,,,
RBP1,0x89F2C3E883E800FF000083E80000000000000000000000000000000000000000000000000000000000000000000000000000,0x89F2C3E883E800FF000083E80000000000000000000000000000000000000000000000000000000000000000000000000000,,,,,,,,,,,,,,
BTML,0x0000,0x0000,,,,,,,,,,,,,,
ICEN,0x01,0x01,,,,,,,,,,,,,,
GRIP,0,0,,,,,,,,,,,,,,
AUAJ,1,1,,,,,,,,,,,,,,
LOGG,0x0A,0x0A,,,,,,,,,,,,,,
IFTY,0x0001,0x0001,,,,,,,,,,,,,,
C2LC,0x00,0x00,,,,,,,,,,,,,,
C2L2,0x32,0x32,,,,,,,,,,,,,,
C2L1,0x01,0x01,,,,,,,,,,,,,,
C2EN,0x00,0x00,,,,,,,,,,,,,,
C2CT,0x01,0x01,,,,,,,,,,,,,,
C2CC,0x00,0x00,,,,,,,,,,,,,,
C2AI,0x00,0x00,,,,,,,,,,,,,,
C4LC,0x00,0x00,,,,,,,,,,,,,,
C4L2,0x51,0x51,,,,,,,,,,,,,,
C4L1,0x01,0x01,,,,,,,,,,,,,,
C4EN,0x00,0x00,,,,,,,,,,,,,,
C4AI,0x00,0x00,,,,,,,,,,n.a.,,,,
C6LC,0x00,0x00,,,,,,,,,,,,,,
C6L2,0x9B,0x9B,,,,,,,,,,,,,,
C6L1,0x01,0x01,,,,,,,,,,,,,,
C6EN,0x00,0x00,,,,,,,,,,,,,,
C6AI,0x00,0x00,,,,,,,,,,n.a.,,,,
GQAI,0x00,0x00,,,,,,,,,,,,,,
GDAI,0x00,0x00,,,,,,,,,,,,,,
MAAP,0,0,,,,,,,,,,,,,,
PWEJ,0x00000000000000000000000000000000,0x00000000000000000000000000000000,,,,,,,,,,,,,,
PWEO,0x53320000000000000000000000000000,0x53320000000000000000000000000000,,,,,,,,,,,,,,
PWSE,0x00000000,0x00000000,,,,,,,,,,,,,,
PWSD,0x00000000,0x00000000,,,,,,,,,,,,,,
PWSC,0x00000000,0x00000000,,,,,,,,,,,,,,
PWSB,0x00000000,0x00000000,,,,,,,,,,,,,,
PWBT,0x00000000000000000000000000000000,0x00000000000000000000000000000000,,,,,,,,,,,,,,
PWBH,0x00000000000000000000000000000000,0x00000000000000000000000000000000,,,,,,,,,,,,,,
PWDF,0,0,,,,,,,,,,,,,,
PWSA,0,0,,,,,,,,,,,,,,
PWNT,1,1,,,,,,,,,,,,,,
PWEI,0,0,,,,,,,,,,,,,,
PWKE,0,0,,,,,,,,,,,,,,
PWQP,0,0,,,,,,,,,,,,,,
PWEH,0,0,,,,,,,,,,,,,,
PWEK,0,0,,,,,,,,,,,,,,
DITS,0,0,,,,,,,,,,,,,,
DIST,0x02,0x02,,,,,,,,,,,,,,
PWFW,0,0,,,,,,,,,,,,,,
DISM,0,0,,,,,,,,,,,,,,
ETD2,0x00000000,0x00000000,,,,,,,,,,,,,,
ETD1,0x00000000,0x00000000,,,,,,,,,,,,,,
ETGA,0xC0A8BBFE,0xC0A8BBFE,,,,,,,,,,,,,,
ETSM,0xFFFFFF00,0xFFFFFF00,,,,,,,,,,,,,,
ETIP,0xC0A8BB1F,0xC0A8BB1F,,,,,,,,,,,,,,
ETMH,1,1,,,,,,,,,,,,,,
ETXN,0x0A,0x0A,,,,,,,,,,,,,,
ETXM,0x32,0x32,,,,,,,,,,,,,,
ETAS,1,1,,,,,,,,,,,,,,
ETMW,1,1,,,,,,,,,,,,,,
ETMD,1,1,,,,,,,,,,,,,,
ETMT,1,1,,,,,,,,,,,,,,
ETDN,0x434D393638302D000000000000000000000000000000000000000000000000000000000000000000000000000000000000000000000000000000000000000000,0x434D393638302D000000000000000000000000000000000000000000000000000000000000000000000000000000000000000000000000000000000000000000,,,,,,,,,,,,,,
ETPW,0x70617373776F72640000000000000000,0x70617373776F72640000000000000000,,,,,,,,,,,,,,
ETWS,0,0,,,,,,,,,,,,,,
ETSD,1,1,,,,,,,,,,,,,,
ETDP,51000,51000,,,,,,,,,,,,,,
ETAP,59180,59180,,,,,,,,,,,,,,
ETHP,0x0080,0x0080,,,,,,,,,,,,,,
ETTP,0x0023,0x0023,,,,,,,,,,,,,,
ETDC,0x00,0x00,,,,,,,,,,,,,,
ENDC,0,0,,,,,,,,,,,,,,
ENDP,0,0,,,,,,,,,,,,,,
MPAI,0,0,,,,,,,,,,,,,,
XCID,0x640000,0x525800,,0x450000,0x525800,,,,,,0x640000,,,0x525800,,
XCAI,0x00,0x00,,,,,,,,,,,,,,
XBU8,0x00,0x00,,,,,,,,,,,,,,
XBMR,1,1,,,,,,,,,,,,,,
XBLC,0x00,0x00,,,,,,,,,,,,,,
XBL2,0x4A,0x4A,,,,,,,,,,,,,,
XBL1,0x01,0x01,,,,,,,,,,,,,,
XBID,0x740000,0x525800,,0x450000,0x523400,,,,,0x520000,0x740000,,,0x523400,,
XBEN,0x00,0x00,,,0x01,,,,,,,,,0x01,,
XBDA,3,3,,,,,,,,,,,,,,
XBAI,0x00,0x00,,,,,,,,,,,,,,
XB2D,0x00,0x00,,,,,,,,,,,,,,
WCVS,0,0,,,,,,,,,,,,,,
WASP,1,1,,,,,,,,,,,,,,
WASC,0,0,,,,,,,,,,,,,,
WAPO,1,1,,,,,,,,,,,,,,
WAID,0,0,,,,,,,,,,,,,,
USSE,0x01,0x01,,,,,,,,,,,,,,
UNSU,0,0,,,,,,,,,,,,,,
UNSL,0x05,0x05,,,,,,,,,,,,,,
UNSE,0,0,,,,,,,,,,,,,,
UNLO,0x02,0x02,,,,,,,,,,,,,,
UNG1,0,0,,,,,,,,,,,,,,
UNDL,0x03,0x03,,,,,,,,,,,,,,
UNDA,0x03,0x03,,,,,,,,0x01,,,,,,
UNCO,0,0,,,,,,,,,,,,,,
UMID,0x244500,0x000000,,0x500000,0x000000,,,,,,0x244500,,,0x000000,,
UCAI,0x00,0x00,,,,,,,,,,,,,,
U8ID,0x6B0000,0x000000,,0x500000,0x000000,0x462300,,,0x462300,0x460000,0x6B0000,,,0x000000,,
U8EN,0x01,0x01,,,,,,,,0x00,,,,,,
U8AI,0x01,0x01,,0x00,,0x00,,,0x00,,0x00,0x00,,,,
U82D,0x00,0x00,,,,,,,,,,,,,,
U2ST,0,0,,,,,,,,,,,,,,
U2MR,1,1,,,,,,,,,,,,,,
U2LC,0x00,0x00,,,,,,,,,,,,,,
U2L2,0x32,0x32,,,,,,,,,,,,,,
U2L1,0x06,0x06,,,,,,,,,,,,,,
U2ID,0x570000,0x570000,,,,,,,,,,,,,,
U2EN,0x00,0x00,,,,,,,,,,,,,,
U2DA,3,3,,,,,,,,,,,,,,
U2CT,0x01,0x01,,,,,,,,,,,,,,
U2CO,0,0,,,,,,,,,,,,,,
U2CC,0x00,0x00,,,,,,,,,,,,,,
U2AI,0x00,0x00,,,,,,,,,,,,,,
TTXF,0,0,,,,,,,,,,,,,,
THMS,0x000000000000,0x000000000000,,,,,,,,,,,,,,
TATO,0,0,,,,,,,,,,,,,,
TAMD,0,0,,,,,,,,,,,,,,
TAAP,0x01,0x01,,,,,,,,,,,,,,
STTX,0x00,0x00,,0x01,,,,,,,,0x01,,,,
STPT,0x02,0x02,,,,,,,,,,,,,,
STFA,0x00,0x00,,,,,,,,,,,,,,
STCP,0x03,0x03,,,,,,,,,,,,,,
SPTO,0,0,,,,,,,,,,,,,,
SPMG,0x01,0x01,,,,,,,,,,,,,,
SPIL,,,,,,,,,,,,,,,,
SPIC,0x00,0x00,,,,,,,,,,,,,,
SPEP,260,260,,,,,,,,,,,,,,
SPEN,1,1,,,,,,,,,,,,,,
SPEM,0x01,0x01,,,,,,,,,,,,,,
SPEB,0x10,0x10,,,,,,,,,,,,,,
SPDG,0,0,,,,,,,,,,,,,,
SPAT,0x60,0x60,,,,,,,,,,,,,,
SPAG,1,1,,,,,,,,,,,,,,
SPA1,0x0901020501030501040501,0x0901020501030501040501,,,,,,,,,,,,,,
SOTM,0,0,,,,,,,,,,,,,,
SNTO,0x01,0x01,,,,,,,,,,,,,,
SNTM,0x04,0x04,,,,,,,,,,,,,,
SNTE,0,0,,,,,,,,,,,,,,
SNRM,0x00,0x00,,,,,,,,,,,,,,
SNPT,0x58,0x58,,,,,,,,,,,,,,
SNPS,0x00,0x00,,,,,,,,,,,,,,
SNPR,0x19,0x19,,,,,,,,,,,,,,
SNPM,0x00,0x00,,,,,,,,,,,,,,
SNPE,0x01,0x01,,,,,,,,,,,,,,
SNPD,0x04,0x04,,,,,,,,,,,,,,
SNOT,0x06,0x06,,,,,,,,,,,,,,
SNOO,0x00,0x00,,,,,,,,,,,,,,
SNON,0x0A,0x0A,,,,,,,,,,,,,,
SNOG,0x02,0x02,,,,,,,,,,,,,,
SNMT,0x00,0x00,,,,,,,,,,,,,,
SNMS,0x000000000000,0x000000000000,,,,,,,,,,,,,,
SNML,0x00,0x00,,,,,,,,,,,,,,
SNMF,0x05,0x05,,,,,,,,,,,,,,
SNLG,0x00,0x00,,,,,,,,,,,,,,
SNFN,0x0A,0x0A,,,,,,,,,,,,,,
SNFF,0x06,0x06,,,,,,,,,,,,,,
SNET,0x05,0x05,,,,,,,,,,,,,,
SNDR,0x3C,0x3C,,,,,,,,,,,,,,
SMVS,0x00,0x00,,,,,,,,,,,,,,
SMTO,0x05,0x05,,,,,,,,,,,,,,
SMSE,0x01,0x01,,,,,,,,,,,,,,
SMSD,0x01,0x01,,,,,,,,,,,,,,
SMIL,0,0,,,,,,,,,,,,,,
SMFL,0x00,0x00,,,,,,,,,,,,,,
SLTO,0x00,0x00,,,,,,,,,,,,,,
SLQS,0x00,0x00,,,,,,,,,,,,,,
SLPS,0x06,0x06,0x03,0x03,,0x03,0x03,,0x03,0x03,0x03,0x03,0x03,,,
SLEN,1,1,,,,,,,,,,,,,,
SBTO,0x05,0x05,,,,,,,,,,,,,,
S2ST,0,0,,,,,,,,,,,,,,
S2MR,2,2,,,,,,,,,,,,,,
S2LC,0x00,0x00,,,,,,,,,,,,,,
S2L2,0x32,0x32,,,,,,,,,,,,,,
S2L1,0x08,0x08,,,,,,,,,,,,,,
S2ID,0x500000,0x730000,,0x480000,0x730000,0x732000,,,0x732000,,0x500000,,,0x730000,,
S2EN,0x00,0x00,,,,,,,,,,,,,,
S2CT,0x01,0x01,,,,,,,,,,,,,,
S2CO,0,0,,,,,,,,,,,,,,
S2CC,0x00,0x00,,,,,,,,,,,,,,
S2AI,0x00,0x00,,,,,,,,,,,,,,
S1AD,0,0,,,,,,,,,,,,,,
RSSA,0,0,,,,,,,,,,,,,,
RMXA,0,0,,,,,,,,,,,,,,
RMNA,0,0,,,,,,,,,,,,,,
RFTS,0,0,,,,,,,,,,,,,,
RFTD,0x00,0x00,,,,,,,,,,,,,,
R4RZ,0,0,,,,,,,,,,,,,,
R4JH,1,1,,,,,,,,,,,,,,
R4JG,0,0,,,,,,,,,,,,,,
R4JE,0,0,,,,,,,,,,,,,,
R4JC,0,0,,,,,,,,,,,,,,
R4JB,0,0,,,,,,,,,,,,,,
R4A1,0x0D0A000000000000,0x0D0A000000000000,,,,,,,,,,,,,,
R4A0,0,0,,,,,,,,,,,,,,
R2TF,0x01,0x01,,,,,,,,,,,,,,
R2ST,0x00,0x00,,,,,,,,,,,,,,
R2PA,0x00,0x00,,0x02,,,,,,,,,,,,
R2NA,0x15,0x15,,,,,,,,,,,,,,
R2IC,0x00,0x00,,,,,,,,,,,,,,
R2HC,0x00,0x00,,0x01,0x05,,,,,,,,,0x00,,
R2EH,0x00,0x00,,,,,,,,,,,,,,
R2EC,0x45,0x45,,,,,,,,,,,,,,
R2DC,0x44,0x44,,,,,,,,,,,,,,
R2DA,0x01,0x01,,,,,,,,,,,,,,
R2BB,0x00,0x00,,,,,,,,,,,,,,
R2BA,0x03,0x07,,0x03,0x03,,0x07,,,,0x07,,,0x03,,
R2AT,0x01,0x01,,,,,,,,,,,,,,
R2AR,0x03,0x03,,,,,,,,,,,,,,
R2AE,0x00,0x00,,,,,,,,,,,,,,
R2AC,0x06,0x06,,,,,,,,,,,,,,
QRMF,0x00,0x00,,,,,,,,,,,,,,
QRLC,0x00,0x00,,,,,,,,,,,,,,
QRL2,0x1BB1,0x1BB1,,,,,,,,,,,,,,
QRL1,0x0001,0x0001,,,,,,,,,,,,,,
QRID,0x790000,0x515200,,0x550000,0x500000,,,,,,0x790000,,,0x500000,,
QREN,0x01,0x01,,,,,,,,,,,,,,
QRAI,0x00,0x00,,,,,,,,,,,,,,
PZID,0x245A00,0x245A00,,0x4D0000,,,,,,,,,,,,
PZEN,0x00,0x00,,,,,,,,,,,,,,
PWFZ,0xFFFF,0xFFFF,,,,,,,,,,,,,,
PWEY,5,5,,,,,,,,,,,,,,
PWEV,0x0000,0x0000,,,,,,,,,,,,,,
PWEU,0x0000,0x0000,,,,,,,,,,,,,,
PWET,0x0000,0x0000,,,,,,,,,,,,,,
PWES,0x0000,0x0000,,,,,,,,,,,,,,
PWER,1,1,,,,,,,,,,,,,,
PWEQ,0x0000,0x0000,,,,,,,,,,,,,,
PWEP,0x53310000000000000000000000000000,0x53310000000000000000000000000000,,,,,,,,,,,,,,
PWEN,0x00,0x00,,,,,,,,,,,,,,
PWEM,0x53340000000000000000000000000000,0x53340000000000000000000000000000,,,,,,,,,,,,,,
PWEL,0x53350000000000000000000000000000,0x53350000000000000000000000000000,,,,,,,,,,,,,,
PWEG,0,0,,,,,,,,,,,,,,
PWEF,0,0,,,,,,,,,,,,,,
PWED,0,0,,,,,,,,,,,,,,
PWEC,0,0,,,,,,,,,,,,,,
PWEB,0,0,,,,,,,,,,,,,,
PWEA,0x53330000000000000000000000000000,0x53330000000000000000000000000000,,,,,,,,,,,,,,
PSID,0x245800,0x245800,,,,,,,,,,,,,,
PSAI,0x00,0x00,,,,,,,,,,,,,,
PRID,0x244D00,0x244D00,,,,,,,,,,,,,,
PRAI,0x00,0x00,,,,,,,,,,,,,,
PPID,0x245700,0x245700,,,,,,,,,,,,,,
PPAI,0x00,0x00,,,,,,,,,,,,,,
POEN,0x00,0x00,,,,,,,,,,,,,,
POBB,0x00,0x00,,,,,,,,,,,,,,
PNID,0x244C00,0x244C00,,,,,,,,,,,,,,
PMID,0x245600,0x245600,,,,,,,,,,,,,,
PMAI,0x00,0x00,,,,,,,,,,,,,,
PLST,0,0,,,,,,,,,,,,,,
PLMR,4,4,,,,,,,,,,,,,,
PLLC,0x00,0x00,,,,,,,,,,,,,,
PLL2,0x32,0x32,,,,,,,,,,,,,,
PLL1,0x01,0x01,,,,,,,,,,,,,,
PLID,0x610000,0x610000,,0x4F0000,,0x612000,,,0x612000,,,,,,,
PLEN,0x00,0x00,,,,,,,,,,,,,,
PLDL,3,3,,,,,,,,,,,,,,
PLDA,3,3,,,,,,,,,,,,,,
PLCT,0x01,0x01,,,,,,,,,,,,,,
PLCO,0,0,,,,,,,,,,,,,,
PLCC,0x01,0x01,,,,,,,,,,,,,,
PLAI,0x00,0x00,,,,,,,,,,,,,,
PKID,0x245500,0x245500,,,,,,,,,,,,,,
PKAI,0x00,0x00,,,,,,,,,,,,,,
PJID,0x245200,0x245200,,,,,,,,,,,,,,
PJAI,0x00,0x00,,,,,,,,,,,,,,
PGID,0x245000,0x245000,,,,,,,,,,,,,,
PGAI,0x00,0x00,,,,,,,,,,,,,,
PBAI,0x00,0x00,,,,,,,,,,,,,,
PAID,0x244B00,0x244B00,,,,,,,,,,,,,,
PAAI,0x00,0x00,,,,,,,,,,,,,,
P4ZL,0x00,0x00,,,,,,,,,,,,,,
P4SA,0,0,,,,,,,,,,,,,,
P4MF,0x00,0x00,,,,,,,,,,,,,,
P4LC,0x00,0x00,,,,,,,,,,,,,,
P4L2,0x0A96,0x0A96,,,0x028A,,,,,,,,,0x028A,,
P4L1,0x0001,0x0001,,,,,,,,,,,,,,
P4ID,0x720000,0x500000,,0x510000,0x500000,0x502000,,,0x502000,,0x720000,,,0x500000,,
P4EN,0x01,0x01,,,,,,,,,,,,,,
P4AI,0x00,0x00,,,,,,,,,,,,,,
P3SS,0x00,0x00,,,0x01,,,,,,,,,0x01,,
P3ID,0x580000,0x410000,,,0x700000,0x412000,,,0x412000,0x4D0000,0x580000,,,0x700000,,
P3EN,0x00,0x00,,,,,,,,,,,,,,
P3CT,0x00,0x00,,,0x01,,,,,,,,,0x01,,
P3AI,0x00,0x00,,,,,,,,,,,,,,
OBID,0x247000,0x247000,,,,,,,,,,,,,,
OAID,0x246F00,0x246F00,,,,,,,,,,,,,,
NRSS,0,0,,,,,,,,,,,,,,
NORS,0,0,,,,,,,,,,,,,,
N2MR,0x01,0x01,,,,,,,,,,,,,,
N2MI,0x0000000000000000000000000000000000000000,0x0000000000000000000000000000000000000000,,,,,,,,,,,,,,
N2EN,0x00,0x00,,,,,,,,,,,,,,
N2CT,0x00,0x00,,,,,,,,,,,,,,
N2C6,0x0321FF29FF,0x0321FF29FF,,,,,,,,,,,,,,
N2C5,0x0321FF28FF,0x0321FF28FF,,,,,,,,,,,,,,
N2C4,0x0321FF22FF,0x0321FF22FF,,,,,,,,,,,,,,
N2C3,0x0321FF29FF,0x0321FF29FF,,,,,,,,,,,,,,
N2C2,0x0321FF28FF,0x0321FF28FF,,,,,,,,,,,,,,
N2C1,0x0321FF22FF,0x0321FF22FF,,,,,,,,,,,,,,
MXPT,0x00,0x00,,,,,,,,,,,,,,
MXLC,0x00,0x00,,,,,,,,,,,,,,
MXL2,0x0091,0x0091,,,,,,,,,,,,,,
MXL1,0x0001,0x0001,,,,,,,,,,,,,,
MXID,0x780000,0x4D4300,,0x540000,0x500000,,,,,,0x780000,,,0x500000,,
MXEN,0x00,0x00,,,,,,,,,,,,,,
MXAI,0x00,0x00,,,,,,,,,,,,,,
MSMR,4,4,,,,,,,,,,,,,,
MSLC,0x00,0x00,,,,,,,,,,,,,,
MSL2,0x32,0x32,,,,,,,,,,,,,,
MSL1,0x01,0x01,,,,,,,,,,,,,,
MSID,0x5A0000,0x400000,,0x4F0000,0x400000,0x402000,,,0x402000,,0x5A0000,,,0x400000,,
MSEN,0x00,0x00,,,,,,,,,,,,,,
MSDL,3,3,,,,,,,,,,,,,,
MSDE,0,0,,,,,,,,,,,,,,
MSDA,3,3,,,,,,,,,,,,,,
MSCT,0x01,0x01,,,,,,,,,,,,,,
MSCC,0x01,0x01,,,,,,,,,,,,,,
MSAI,0x00,0x00,,,,,,,,,,,,,,
MREN,,,,,,,,,,,,,,,,
MQLC,0x00,0x00,,,,,,,,,,,,,,
MQL2,0x0023,0x0023,,,,,,,,,,,,,,
MQL1,0x0001,0x0001,,,,,,,,,,,,,,
MQID,0x245100,0x245100,,,0x500000,,,,,,,,,0x500000,,
MQEN,0x00,0x00,,,,,,,,,,,,,,
MQAI,0x00,0x00,,,,,,,,,,,,,,
MOTO,0x14,0x14,,,,,,,,,,,,,,
MOSY,0x01,0x01,,,,,,,,,,,,,,
MOSI,0x01,0x01,,,,,,,,,,,,,,
MOMD,0x01,0x01,,,,,,,,,,,,,,
MOEN,1,1,,,,,,,,,,,,,,
MIU8,0x00,0x00,,,,,,,,,,,,,,
MILC,0x00,0x00,,,,,,,,,,,,,,
MIL2,0x016E,0x016E,,,,,,,,,,,,,,
MIL1,0x0001,0x0001,,,,,,,,,,,,,,
MIID,0x380000,0x6D5000,,0x530000,0x500000,,,,,,0x380000,,,0x500000,,
MIEN,0x00,0x00,,,,,,,,,,,,,,
MIAI,0x00,0x00,,,,,,,,,,,,,,
MFFD,0x3C,0x3C,,,,,,,,,,,,,,
M2LC,0x00,0x00,,,,,,,,,,,,,,
M2L2,0x32,0x32,,,,,,,,,,,,,,
M2L1,0x01,0x01,,,,,,,,,,,,,,
M2ID,0x670000,0x670000,,0x480000,,0x672000,,,0x672000,,,,,,,
M2EN,0x00,0x00,,,,,,,,,,,,,,
M2CT,0x01,0x01,,,,,,,,,,,,,,
M2CC,0x00,0x00,,,,,,,,,,,,,,
M2AI,0x00,0x00,,,,,,,,,,,,,,
LSTO,0x0A,0x0A,,,,,,,,,,,,,,
LSTM,0x00,0x00,,,,,,,,,,,,,,
LSSP,0x01,0x01,,,,,,,,,,,,,,
LPID,0x246100,0x246100,,0x4D0000,,,,,,,,,,,,
LPEN,0x00,0x00,,,,,,,,,,,,,,
LOTM,0x02,0x02,,,,,,,,,,,,,,
LFSU,0x0D00000000000000000000000000000000000000,0x0D00000000000000000000000000000000000000,,,0x0000000000000000000000000000000000000000,0x0000000000000000000000000000000000000000,,,0x0000000000000000000000000000000000000000,0x0000000000000000000000000000000000000000,,0x0000000000000000000000000000000000000000,,0x0000000000000000000000000000000000000000,,
LFPR,0x0000000000000000000000000000000000000000,0x0000000000000000000000000000000000000000,,,,,,,,,,,,,,
LFCV,0,0,,,,,,,,,,,,,,
LFCH,0xFFFFFFFFFFFFFFFF,0xFFFFFFFFFFFFFFFF,,0x0D60FFFFFFFFFFFF,,,,,,,,,,,,
LFCA,0x00,0x00,,,,,,,,,,,,,,
LEGC,0x0000,0x0000,,,,,,,,,,,,,,
LEEN,0x00,0x00,,,,,,,,,,,,,,
LCID,0x690000,0x524C00,,0x450000,0x524C00,,,,,,,,,0x524C00,,
LCAI,0x00,0x00,,,,,,,,,,,,,,
LBU8,0x00,0x00,,,,,,,,,,,,,,
LBMR,1,1,,,,,,,,,,,,,,
LBEN,0x00,0x00,,,0x01,,,,,,,,,0x01,,
LBDA,3,3,,,,,,,,,,,,,,
LBAI,0x00,0x00,,,,,,,,,,,,,,
LB2D,0x00,0x00,,,,,,,,,,,,,,
LAGL,0x03,0x03,,,,,,,,,,,,,,
L,0,0,,,,,,,,,,,,,,
KBSP,0x01,0x01,,,,,,,,,,,,,,
KBSC,0x00,0x00,,,,,,,,,,,,,,
KBQI,0x0A,0x0A,,,,,,,,,,,,,,
KBNL,0x00,0x00,,,,,,,,,,,,,,
KBKP,0x00,0x00,,,,,,,,,,,,,,
KBID,0x00,0x00,,,,,,,,,,,,,,
KBCO,0x00,0x00,,,,,,,,,,,,,,
KBCL,0x00,0x00,,,,,,,,,,,,,,
ISID,0x400000,0x490000,,0x410000,0x490000,0x492000,,,0x492000,,0x400000,,,0x490000,,
ISAI,0x00,0x00,,,,,,,,,,,,,,
IPVS,1,1,,,,,,,,,,,,,,
IPVR,0x00,0x00,,,,,,,,,,,,,,
IPTM,0x0032,0x0032,,,,,,,,,,,,,,
IPTL,0x0004,0x0004,,,,,,,,,,,,,,
IPRS,0x02,0x02,,,,,,,,,,,,,,
IPQF,0x5A,0x5A,,,,,,,,,,,,,,
IPPL,1,1,,,,,,,,,,,,,,
IPNR,0x00,0x00,,,,,,,,,,,,,,
IPLE,0x01,0x01,,,,,,,,,,,,,,
IPLD,0x00,0x00,,,,,,,,,,,,,,
IPHR,1,1,,,,,,,,,,,,,,
IPFI,0x00,0x00,,,,,,,,,,,,,,
IPDA,1,1,,,,,,,,,,,,,,
IPCV,0x19,0x19,,,,,,,,,,,,,,
IPCL,0x03,0x03,,,,,,,,,,,,,,
IPCD,0x00,0x00,,,,,,,,,,,,,,
IPBV,0x19,0x19,,,,,,,,,,,,,,
IPBD,0x00,0x00,,,,,,,,,,,,,,
INMR,0x02,0x02,,,,,,,,,,,,,,
INID,0x6E0000,0x6E0000,,,,,,,,,,,,,,
INAI,0x00,0x00,,,,,,,,,,,,,,
IFO1,0x00,0x00,,,,0x02,,,,,,0x02,,,,
IFML,0x00,0x00,,,,,,,,,,,,,,
IFIH,0x00,0x00,,,,,,,,,,,,,,
IDCO,0x00,0x00,,0x01,0x01,,,,,0x01,0x01,,,0x01,,
IBUT,0x01,0x01,,,,,,n.a.,,,,,,,,
IBHR,0x06,0x06,,,,,,,,,,,,,,
IBC3,0,0,,,,,,,,,,,,,,
IAID,0x260000,0x494100,,0x490000,0x494100,,,,,,0x260000,,,0x494100,,
IAEN,0x00,0x00,,,,,,,,,,,,,,
IACT,0x01,0x01,,,,,,,,,,,,,,
IAAI,0x00,0x00,,,,,,,,,,,,,,
I8LF,0x0000,0x0000,,,,,,,,,,,,,,
I8LE,0x0000,0x0000,,,,,,,,,,,,,,
I8LD,0x0000,0x0000,,,,,,,,,,,,,,
I8LC,0x0000,0x0000,,,,,,,,,,,,,,
I8LB,0x0000,0x0000,,,,,,,,,,,,,,
I8LA,0x0000,0x0000,,,,,,,,,,,,,,
I8L9,0x0000,0x0000,,,,,,,,,,,,,,
I8L8,0x0000,0x0000,,,,,,,,,,,,,,
I8L7,0x0000,0x0000,,,,,,,,,,,,,,
I8L6,0x0000,0x0000,,,,,,,,,,,,,,
I8L5,0x0000,0x0000,,,,,,,,,,,,,,
I8L4,0x0000,0x0000,,,,,,,,,,,,,,
I8L3,0x0000,0x0000,,,,,,,,,,,,,,
I8L2,0x0000,0x0000,,,,,,,,,,,,,,
I8L1,0x0000,0x0000,,,,,,,,,,,,,,
I8L0,0x0000,0x0000,,,,,,,,,,,,,,
I8ID,0x660000,0x660000,,0x4B0000,,0x662000,,,0x662000,,,,,,,
I8FC,0x00,0x00,,,,,,,,,,,,,,
I8DT,0x14,0x14,,,,,,,,,,,,,,
I8CM,0x00,0x00,,,,,,,,,,,,,,
I8CE,0x00,0x00,,,,,,,,,,,,,,
I8AI,0x00,0x00,,,,,,,,,,,,,,
I2ZP,0,0,,,,,,,,,,,,,,
I2ST,0,0,,,,,,,,,,,,,,
I2MR,2,2,,,,,,,,,,,,,,
I2LC,0x00,0x00,,,,,,,,,,,,,,
I2L2,0x32,0x32,,,,,,,,0x10,,,,,,
I2L1,0x06,0x06,,,,,,,,0x08,,,,,,
I2ID,0x4E0000,0x690000,,0x490000,0x690000,0x692000,,,0x692000,0x490000,0x4E0000,,,0x690000,,
I2EN,0x00,0x00,,,,,,,,0x01,,,,,,
I2DL,3,3,,,,,,,,,,,,,,
I2DA,0x03,0x03,,,,,,,,0x01,,,,,,
I2CT,0x01,0x01,,,,,,,,,,,,,,
I2CO,0,0,,,,,,,,,,,,,,
I2CC,0x00,0x00,,,,,,,,,,,,,,
I2AI,0x00,0x00,,,,,,,,,,,,,,
HRID,0x650000,0x650000,,0x490000,,,,,,,,,,,,
HRAI,0x00,0x00,,,,,,,,,,,,,,
GQID,0x247100,0x514700,0x514700,0x580000,0x500000,0x514700,0x514700,,0x514700,0x514700,0x247100,,0x514700,0x500000,,
GDID,0x247700,0x446700,0x446700,0x570000,0x500000,0x446700,0x446700,,0x446700,0x446700,0x247700,,0x446700,0x500000,,
GBID,0x244100,0x470000,,,0x470000,0x472000,,,0x472000,,0x244100,,,0x470000,,
GBEN,0x00,0x00,,,,,,,,,,,,,,
GBAI,0x00,0x00,,,,,,,,,,,,,,
G8ID,0x244400,0x473800,0x473800,0x473800,,n.a.,0x473800,,,,0x244400,,,,,
G8AI,0,0,,,,,,,,,,n.a.,,,,
G5ID,0x244300,0x473500,,,0x473500,,,,,,0x244300,,,0x473500,,
G5AI,0x00,0x00,,,,,,,,,,,,,,
G2ID,0x244200,0x473200,,,0x473200,,,,,,0x244200,,,0x473200,,
G2AI,0x00,0x00,,,,,,,,,,,,,,
FAPM,0x01,0x01,,,,,,,,,,,,,,
FAOE,0x00,0x00,,,,,,,,,,,,,,
F2ID,0x4F0000,0x4F0000,,,,,,,,,,,,,,
F2EN,0x00,0x00,,,,,,,,,,,,,,
F2AI,0x00,0x00,,,,,,,,,,,,,,
EMID,0x244A00,0x450000,,0x430000,0x450000,,,,,,0x244A00,,,0x450000,,
ECAI,0x00,0x00,,,,,,,,,,,,,,
EBNS,0x01,0x01,,,,,,,,,,,,,,
EBMR,0x02,0x02,,,,,,,,,,,,,,
EBID,0x440000,0x450000,,0x430000,0x450000,0x452000,,,0x452000,0x450000,0x440000,,,0x450000,,
EBEN,0x01,0x01,,,,,,,,,,,,,,
EBCT,0x01,0x01,,0x00,,,,,,0x00,,,,,,
EBAI,0x00,0x00,,,,,,,,,,,,,,
EBAB,0x00,0x00,,,,,,,,,,,,,,
EB3B,0x00,0x00,,,,,,,,,,,,,,
EB2D,0x00,0x00,,,,,,,,,,,,,,
E8ID,0x450000,0x450000,,0x430000,,n.a.,,,,,,,,,,
E8AI,0,0,,,,,,,,,,,,,,
E5ID,0x490000,0x450000,,0x430000,0x450000,0x452000,,,0x452000,0x450000,0x490000,,,0x450000,,
E5AI,0x00,0x00,,,,,,,,,,,,,,
E2ID,0x480000,0x450000,,0x430000,0x450000,0x452000,,,0x452000,0x450000,0x480000,,,0x450000,,
E2AI,0x00,0x00,,,,,,,,,,,,,,
DYMD,0x000000130101,0x000000130101,,,,,,,,,,,,,,
DTXF,0,0,,,,,,,,,,,,,,
DSLC,0,0,,,,,,,,,,,,,,
DSL2,0x32,0x32,,,,,,,,,,,,,,
DSL1,0x08,0x08,,,,,,,,,,,,,,
DSEN,0,0,,,,,,,,,,,,,,
DSCT,0,0,,,,,,,,,,,,,,
DSCC,0,0,,,,,,,,,,,,,,
DPID,0x245900,0x245900,,0x4D0000,,,,,,,,,,,,
DPEN,0x00,0x00,,,,,,,,,,,,,,
DOEN,0,0,,,,,,,,,,,,,,
DMLC,0x00,0x00,,,,,,,,,,,,,,
DML2,0x0C2C,0x0C2C,,,0x028A,,,,,,,,,0x028A,,
DML1,0x0001,0x0001,,,,,,,,,,,,,,
DMID,0x770000,0x446D00,,0x520000,0x500000,,,,,,0x770000,,,0x500000,,
DMEN,0x01,0x01,,,,,,,,,,,,,,
DMDM,0x3FFFFFFF,0x3FFFFFFF,,,,,,,,,,,,,,
DMDA,0x01,0x01,,,,,,,,,,,,,,
DMAI,0x00,0x00,,,,,,,,,,,,,,
DIOT,0x08,0x08,,,,,,,,,,,,,,
DIMD,0,0,,,,,,,,,,,,,,
DIKS,0x3C3D3E,0x3C3D3E,,,,,,,,,,,,,,
DIFS,0,0,,,,,,,,,,,,,,
DICT,10,10,,,,,,,,,,,,,,
DIBL,0,0,,,,,,,,,,,,,,
DIAC,0,0,,,,,,,,,,,,,,
DGT3,0x00,0x00,,,,,,,,,,,,,,
DGT2,0x64,0x64,,,,,,,,,,,,,,
DGT1,0x00,0x00,,,,,,,,,,,,,,
DGMD,0x01,0x01,,,,,,,,,,,,,,
DETM,0x23,0x23,,,,,,,,,,,,,,
DESA,0x00,0x00,,,,,,,,,,,,,,
DEML,0,0,,,,,,,,,,,,,,
DAUS,0x55700000000000000000000000000000,0x55700000000000000000000000000000,,,,,,,,,,,,,,
DADS,0x44776000000000000000000000000000,0x44776000000000000000000000000000,,,,,,,,,,,,,,
D2ST,0,0,,,,,,,,,,,,,,
D2MR,2,2,,,,,,,,,,,,,,
D2LC,0x00,0x00,,,,,,,,,,,,,,
D2L2,0x32,0x32,,,,,,,,,,,,,,
D2L1,0x06,0x06,,,,,,,,,,,,,,
D2IR,0x04,0x04,,,,,,,,,,,,,,
D2ID,0x730000,0x730000,,0x480000,,0x732000,,,0x732000,,,,,,,
D2EN,0x00,0x00,,,,,,,,,,,,,,
D2CT,0x01,0x01,,,,,,,,,,,,,,
D2CO,0,0,,,,,,,,,,,,,,
D2CC,0x00,0x00,,,,,,,,,,,,,,
D2AI,0x00,0x00,,,,,,,,,,,,,,
CTID,0x245400,0x245400,,,,,,,,,,,,,,
CTEN,0x00,0x00,,,,,,,,,,,,,,
CTAI,0x00,0x00,,,,,,,,,,,,,,
CSLC,0x00,0x00,,,,,,,,,,,,,,
CSL2,0x1E93,0x1E93,,,,,,,,,,,,,,
CSL1,0x0001,0x0001,,,,,,,,,,,,,,
CSID,0x245300,0x245300,,,,,,,,,,,,,,
CSEN,0x00,0x00,,,,,,,,,,,,,,
CSAI,0x00,0x00,,,,,,,,,,,,,,
CRID,0x340000,0x340000,,,,,,,,,,,,,,
CRHD,0x01,0x01,,,,,,,,,,,,,,
CREN,0x00,0x00,,,,,,,,,,,,,,
CRCT,0x01,0x01,,,,,,,,,,,,,,
CRAI,0x00,0x00,,,,,,,,,,,,,,
CPCL,0x01,0x01,,,0x00,,,,,0x00,,,,0x00,,
COVS,0,0,,,,,,,,,,,,,,
CNAS,0,0,,,,,,,,,,,,,,
CNAD,0x00,0x00,,,,,,,,,,,,,,
CMOT,0x07,0x07,,,,,,,,,,,,,,
CMEN,0x00,0x00,,,,,,,,,,,,,,
CHEN,0x00,0x00,,,,,,,,,,,,,,
CFLC,0x00,0x00,,,,,,,,,,,,,,
CFL2,0x64,0x64,,,,,,,,,,,,,,
CFL1,0x03,0x03,,,,,,,,,,,,,,
CFID,0x6D0000,0x6C0000,,,,0x6C2000,,,0x6C2000,,0x6D0000,,,,,
CFEN,0x00,0x00,,,,,,,,,,,,,,
CFEA,0x00,0x00,,,,,,,,,,,,,,
CFAI,0x00,0x00,,,,,,,,,,,,,,
CFAC,0x01,0x01,,,,,,,,,,,,,,
CCID,0x590000,0x590000,,0x4D0000,,0x592000,,,0x592000,0x4D0000,,,,,,
CCEN,0x00,0x00,,,,,,,,,,,,,,
CCAI,0x00,0x00,,,,,,,,,,,,,,
CBST,0,0,,,,,,,,,,,,,,
CBSS,0x01,0x01,,,,,,,,0x00,,,,,,
CBSM,0x00,0x00,,,,,,,,,,,,,,
CBSC,0x03,0x03,,,0x01,,,,,,,,,0x01,,
CBMR,2,2,,,,,,,,,,,,,,
CBLO,0x02,0x02,,,,,,,,,,,,,,
CBLC,0x00,0x00,,,,,,,,,,,,,,
CBL2,0x32,0x32,,,,,,,,0x10,,,,,,
CBL1,0x03,0x03,,,,,,,,0x08,,,,,,
CBIR,0x04,0x04,,,,,,,,,,,,,,
CBID,0x520000,0x250000,,0x4E0000,0x250000,0x252000,,,0x252000,0x4E0000,0x520000,,,0x250000,,
CBFC,0x00,0x00,,,,,,,,,,,,,,
CBEN,0x00,0x00,,,,,,,,,,,,,,
CBDT,0x14,0x14,,,,,,,,,,,,,,
CBDL,3,3,,,,,,,,,,,,,,
CBDA,0x03,0x03,,,,,,,,0x01,,,,,,
CBCT,0x01,0x01,,,,,,,,0x00,,,,,,
CBCO,0,0,,,,,,,,,,,,,,
CBCM,0x00,0x00,,,,,,,,,,,,,,
CBCC,0x00,0x00,,,,,,,,,,,,,,
CBAI,0x00,0x00,,,,,,,,,,,,,,
CBAB,0x00,0x00,,,,,,,,,,,,,,
CALC,0,0,,,,,,,,,,,,,,
CAL2,0x64,0x64,,,,,,,,,,,,,,
CAL1,0x03,0x03,,,,,,,,,,,,,,
CAID,0x6E0000,0x6E0000,,,,,,,,,,,,,,
CAEN,0,0,,,,,,,,,,,,,,
C9ST,1,1,,,,,,,,,,,,,,
C9MR,1,1,,,,,,,,,,,,,,
C9LO,0x03,0x03,,,,,,,0x00,0x02,,,,,,
C9LC,0x00,0x00,,,,,,,,,,,,,,
C9L2,0x32,0x32,,,,,,,,0x10,,,,,,
C9L1,0x01,0x01,,,,,,,,0x08,,,,,,
C9ID,0x550000,0x260000,,0x4C0000,0x260000,0x262000,,,0x262000,0x4C0000,0x550000,,,0x260000,,
C9EN,0x00,0x00,,,,,,,,,,,,,,
C9DL,3,3,,,,,,,,,,,,,,
C9DA,3,3,,,,,,,,,,,,,,
C9CT,0x00,0x00,,,,,,,,,,,,,,
C9CO,0,0,,,,,,,,,,,,,,
C9CC,0x03,0x03,,,,,,,,,,,,,,
C9AI,0x00,0x00,,,,,,,,,,,,,,
C8TF,0x00,0x00,,,,,,,,,,,,,,
35ID,0x4D0000,0x460000,,0x410000,0x460000,0x462000,,,0x462000,0x460000,0x4D0000,,,0x460000,,
35AI,0x00,0x00,,,,,,,,,,,,,,
32ID,0x4C0000,0x460000,,0x410000,0x460000,0x462000,,,0x462000,0x460000,0x4C0000,,,0x460000,,
32AI,0x00,0x00,,,,,,,,,,,,,,
C8ST,1,1,,,,,,,,,,,,,,
C8SC,0,0,,,,,,,,,,,,,,
C8MR,0x01,0x01,,,,,,,,,,,,,,
C8LO,0x03,0x03,,,,,,,0x00,0x02,,,,,,
C8LC,0x00,0x00,,,,,,,,,,,,,,
C8L2,0x50,0x50,,,,,,,,0x2E,,,,,,
C8L1,0x01,0x01,,,,,,,,0x08,,,,,,
C8ID,0x540000,0x230000,,0x4B0000,0x230000,0x232000,,,0x232000,0x4B0000,0x540000,,,0x230000,,
C8EN,0x01,0x01,,,,,,,,,,,,,,
C8DL,0x03,0x03,,,,,,,,,,,,,,
C8DA,0x03,0x03,,,,,,,,0x01,,,,,,
C8CT,0x00,0x00,,,,,,,,,,,,,,
C8CO,0,0,,,,,,,,,,,,,,
C8C3,0x00,0x00,,,,,,,,,,,,,,
C8AI,0x00,0x00,,,,,,,,,,,,,,
C7ID,0x244E00,0x244E00,,0x4E0000,,,,,,,,,,,,
C7AI,0x00,0x00,,,,,,,,,,,,,,
C6ID,0x700000,0x700000,,,,,,,,,,,,,,
C5MR,0x01,0x01,,,,,,,,,,,,,,
C5ID,0x6A0000,0x6A0000,,,,,,,,,,,,,,
C5HD,0x01,0x01,,,,,,,,,,,,,,
C5EN,0x00,0x00,,,,,,,,,,,,,,
C5DL,0x03,0x03,,,,,,,,,,,,,,
C5DA,3,3,n.a.,n.a.,,n.a.,n.a.,,n.a.,n.a.,n.a.,n.a.,n.a.,,,
C5CT,0x01,0x01,,,,,,,,,,,,,,
C5AI,0x00,0x00,,,,,,,,,,,,,,
C4ID,0x710000,0x710000,,,,,,,,,,,,,,
C3ST,1,1,,,,,,,,,,,,,,
C3SS,0x00,0x00,,,0x01,,,,,,,,,0x01,,
C3MR,0x02,0x02,,,,,,,,,,,,,,
C3LO,0x00,0x00,,,,,,,,0x01,,,,,,
C3LC,0x00,0x00,,,,,,,,,,,,,,
C3L2,0x32,0x32,,,,,,,,0x10,,,,,,
C3L1,0x02,0x02,,,,,,,,0x08,,,,,,
C3IR,0x04,0x04,,,,,,,,,,,,,,
C3ID,0x560000,0x2A0000,,0x4D0000,0x2A0000,0x2A2000,,,0x2A2000,0x4D0000,0x560000,,,0x2A0000,,
C3FA,0x00,0x00,,,,,,,,,,,,,,
C3EN,0x01,0x01,,,,,,,,0x00,,,,,,
C3DL,0x03,0x03,,,,,,,,,,,,,,
C3DA,0x03,0x03,,,,,,,,0x01,,,,,,
C3CT,0x01,0x01,,,,,,,,,,,,,,
C3CO,0,0,,,,,,,,,,,,,,
C3CC,0x00,0x00,,,,,,,,,,,,,,
C3AI,0x00,0x00,,,,,,,,,,,,,,
C2ID,0x680000,0x680000,,0x480000,,0x682000,,,0x682000,,,,,,,
C1ST,0,0,,,,,,,,,,,,,,
C1MR,2,2,,,,,,,,,,,,,,
C1LC,0x00,0x00,,,,,,,,,,,,,,
C1L2,0x32,0x32,,,,,,,,,,,,,,
C1L1,0x04,0x04,,,,,,,,,,,,,,
C1IR,0x04,0x04,,,,,,,,,,,,,,
C1ID,0x620000,0x434500,,,0x434500,,,,,,0x620000,,,0x434500,,
C1EN,0x00,0x00,,,,,,,,,,,,,,
C1DL,3,3,,,,,,,,,,,,,,
C1DA,3,3,,,,,,,,,,,,,,
C1CT,0x01,0x01,,,,,,,,,,,,,,
C1CO,0,0,,,,,,,,,,,,,,
C1CC,0x03,0x03,,,,,,,,,,,,,,
C1AI,0x00,0x00,,,,,,,,,,,,,,
BTTD,0x00,0x00,,,,,,,,,,,,,,
BTTA,0,0,,,,,,,,,,,,,,
BTST,0x02,0x02,,,,,,,,,,,,,,
BTSP,0,0,,,,,,,,,,,,,,
BTSE,0,0,,,,,,,,,,,,,,
BTRM,1,1,,,,,,,,,,,,,,
BTRI,0,0,,,,,,,,,,,,,,
BTPT,0x19,0x19,,,,,,,,,,,,,,
BTPS,0x00,0x00,,,,,,,,,,,,,,
BTPP,0x00,0x00,,,,,,,,,,,,,,
BTPE,0,0,,,,,,,,,,,,,,
BTPC,0x31323334,0x31323334,,,,,,,,,,,,,,
BTP6,0x31323334353637383930414243444546,0x31323334353637383930414243444546,,,,,,,,,,,,,,
BTMS,7,7,,,,,,,,,,,,,,
BTLT,0x02,0x02,,,,,,,,,,,,,,
BTLB,0x00,0x00,,,,,,,,,,,,,,
BTHP,0x00,0x00,,,,,,,,,,,,,,
BTHO,0,0,,,,,,,,,,,,,,
BTHK,0x00,0x00,,,,,,,,,,,,,,
BTFU,0x00,0x00,,,,,,,,,,,,,,
BTFN,0x0000000000000000000000000000000000000000000000000000000000000000,0x0000000000000000000000000000000000000000000000000000000000000000,,,,,,,,,,,,,,
BTEP,1,1,,,,,,,,,,,,,,
BTEN,1,1,,,,,,,,,,,,,,
BTDL,0x00,0x00,,,,,,,,,,,,,,
BTDB,0x01,0x01,,,,,,,,,,,,,,
BTCU,0x01,0x01,,,,,,,,,,,,,,
BTCM,1,1,,,,,,,,,,,,,,
BTCB,0x01,0x01,,,,,,,,,,,,,,
BTBV,0x02,0x02,,,,,,,,,,,,,,
BTBM,0x00,0x00,,,,,,,,,,,,,,
BTBF,0x00,0x00,,,,,,,,,,,,,,
BTBD,0x08,0x08,,,,,,,,,,,,,,
BTAT,0x00,0x00,,,,,,,,,,,,,,
BTAS,0x00,0x00,,,,,,,,,,,,,,
BTAD,0x00,0x00,,,,,,,,,,,,,,
BTAB,0x01,0x01,,,,,,,,,,,,,,
BPVS,1,1,,,,,,,,,,,,,,
BPVO,0x03,0x03,,,,,,,,,,,,,,
BPTY,0x00,0x00,,,,,,,,,,,,,,
BPPU,0x01,0x01,,,,,,,,,,,,,,
BPNF,0x01,0x01,,,,,,,,,,,,,,
BPLE,0x08,0x08,,,,,,,,,,,,,,
BPIN,0x00,0x00,,,,,,,,,,,,,,
BPIC,0,0,,,,,,,,,,,,,,
BPFR,0x01,0x01,,,,,,,,,,,,,,
BCMR,1,1,,,,,,,,,,,,,,
BCLC,0x00,0x00,,,,,,,,,,,,,,
BCL2,0x32,0x32,,,,,,,,,,,,,,
BCL1,0x01,0x01,,,,,,,,,,,,,,
BCID,0x390000,0x390000,,,,0x392000,,,0x392000,,,,,,,
BCEN,0x00,0x00,,,,,,,,,,,,,,
BCDL,3,3,,,,,,,,,,,,,,
BCDA,3,3,,,,,,,,,,,,,,
BCCT,0x01,0x01,,,,,,,,,,,,,,
BCCC,0x01,0x01,,,,,,,,,,,,,,
BCAI,0x00,0x00,,,,,,,,,,,,,,
BBEN,0x01,0x01,,,,,,,,,,,,,,
AZMF,0x00,0x00,,,,,,,,,,,,,,
AZLC,0x00,0x00,,,,,,,,,,,,,,
AZL2,0x0EF8,0x0EF8,,,,,,,,,,,,,,
AZL1,0x0001,0x0001,,,,,,,,,,,,,,
AZID,0x210000,0x417A00,,0x560000,0x500000,,,,,,0x210000,,,0x500000,,
AZEN,0x01,0x01,,,0x00,,,,,,,0x00,,0x00,,
AZAI,0x00,0x00,,,,,,,,,,,,,,
AUAI,0x00,0x00,,,,,,,,,,,,,,
APAI,0x00,0x00,,,,,,,,,,,,,,
AMID,0x244800,0x410000,,,0x410000,,,,,,0x244800,,,0x410000,,
ALID,0x6F0000,0x6F0000,,,,,,,,,,,,,,
AIEN,0x00,0x00,,,,,,,0x01,,,,,,,
AFEN,1,1,,,,,,,,,,,,,,
ADUT,0x00,0x00,,,,,,,,,,,,,,
ADOT,0x07,0x07,,,,,,,,,,,,,,
ADO8,0,0,,,,,,,,,,,,,,
ADO5,0x00,0x00,,,,,,,,,,,,,,
ADO2,0x00,0x00,,,,,,,,,,,,,,
ADM8,1,1,,,,,,,,,,,,,,
ADM5,0x01,0x01,,,,,,,,,,,,,,
ADM2,0x02,0x02,,,,,,,,,,,,,,
ADC4,0x9780,0x9780,,,,,,,,,,,,,,
ADC3,0x9770,0x9770,,,,,,,,,,,,,,
ADC2,0x3790,0x3790,,,,,,,,,,,,,,
ADC1,0x3780,0x3780,,,,,,,,0x4918,,,,,,
ACID,0x530000,0x530000,,0x4E0000,,,,,,,,,,,,
ACAI,0x00,0x00,,,,,,,,,,,,,,
ABNS,0x01,0x01,,,,,,,,,,,,,,
ABMR,0x01,0x01,,,,,,,,,,,,,,
ABID,0x430000,0x410000,,,0x410000,0x412000,,,0x412000,0x410000,0x430000,,,0x410000,,
ABEN,0x01,0x01,,,,,,,,,,,,,,
ABCT,0x01,0x01,,,,,,,,,,,,,,
ABAI,0x00,0x00,,,,,,,,,,,,,,
AB3B,0x00,0x00,,0x01,,,,,,,,,,,,
AB2D,0x00,0x00,,,,,,,,,,,,,,
A8ID,0x510000,0x410000,0x410000,0x410000,,,0x410000,,,,0x510000,,,,,
A8AI,0,0,,,,,,,,,,,,,,
A5ID,0x470000,0x410000,,,0x410000,0x412000,,,0x412000,0x412000,0x470000,,,0x410000,,
A5AI,0x00,0x00,,,,,,,,,,,,,,
A2ID,0x460000,0x410000,,,0x410000,0x412000,,,0x412000,0x412000,0x460000,,,0x410000,,
A2AI,0x00,0x00,,,,,,,,,,,,,,
8MID,0x244700,0x464600,,0x420000,0x464600,,,,,,0x244700,,,0x464600,,
8CAI,0x00,0x00,,,,,,,,,,,,,,
8BSU,0,0,,,,,,,,,,,,,,
8BSE,0,0,,,,,,,,,,,,,,
8BSB,0x08,0x08,,,,,,,,,,,,,,
8BMR,0x01,0x01,,,,,,,,,,,,,,
8BID,0x410000,0x464600,,0x420000,0x464600,,,,,,0x410000,,,0x464600,,
8BGS,1,1,,,,,,,,,,,,,,
8BGI,0,0,,,,,,,,,,,,,,
8BG2,0,0,,,,,,,,,,,,,,
8BEN,0x01,0x01,,,,,,,,,,,,,,
8BCT,0x01,0x01,,,,,,,,,,,,,,
8BAI,0x00,0x00,,,,,,,,,,,,,,
8B3B,0x00,0x00,,,,,,,,,,,,,,
8B2D,0x00,0x00,,,,,,,,,,,,,,
88ID,0x2A0000,0x464600,0x464600,0x420000,,,0x464600,,,,0x2A0000,,,,,
88AI,0,0,,,,,,,,,,,,,,
85ID,0x4B0000,0x464600,,0x420000,0x464600,,,,,,0x4B0000,,,0x464600,,
85AI,0x00,0x00,,,,,,,,,,,,,,
82ID,0x4A0000,0x464600,,0x420000,0x464600,,,,,,0x4A0000,,,0x464600,,
82AI,0x00,0x00,,,,,,,,,,,,,,
4CID,0x630000,0x523400,,0x450000,0x523400,,,,,,0x523400,,,0x523400,,
4CAI,0x00,0x00,,,,,,,,,,,,,,
4BU8,0x00,0x00,,,,,,,,,,,,,,
4BMR,1,1,,,,,,,,,,,,,,
4BID,0x750000,0x523400,,0x450000,0x523400,,,,,0x520000,0x750000,,,0x523400,,
4BEN,0x00,0x00,,,0x01,,,,,,,,,0x01,,
4BDA,3,3,,,,,,,,,,,,,,
4BAI,0x00,0x00,,,,,,,,,,,,,,
4B2D,0x00,0x00,,,,,,,,,,,,,,
3MID,0x244600,0x460000,,0x410000,0x460000,0x460000,,,,,0x244600,,,0x460000,,
3CAI,0x00,0x00,,,,,,,,,,,,,,
3BMR,0x01,0x01,,,,,,,,,,,,,,
3BIS,0x00,0x00,,,,,,,,,,,,,,
3BIN,0x00,0x00,,,,,,,,,,,,,,
3BID,0x420000,0x460000,,0x410000,0x460000,0x462000,,,0x462000,0x460000,0x420000,,,0x460000,,
3BF1,0x01,0x01,,,,,,,,,,,,,,
3BEN,0x01,0x01,,,,,,,,,,,,,,
3BCT,0x01,0x01,,,,,,,,,,,,,,
3BAI,0x00,0x00,,,,,,,,,,,,,,
3B2D,0x00,0x00,,,,,,,,,,,,,,
38ID,0x230000,0x460000,0x460000,0x410000,,,0x460000,,,,0x230000,,,,,
38AI,0,0,,,,,,,,,,,,,,
