Name,CI_Master_Default_Bologna,CI_Master_Default_Eugene,CI_Class2_Default,CI_Class3_Default,CI_Class4_Default,CI_Class5_Default,CI_Class6_Default,CI_Class7_Default,CI_Class8_Default,CI_Class9_Default,CI_Class10_Default,CI_Class11_Default,CI_Class12_Default,CI_Class13_Default,CI_ValueOptions
ETTE,0x0D00000000000000000000000000000000000000,0x0D00000000000000000000000000000000000000,,,,,,,,,,,,,"[format=ascii]
padding=00
[PRG_ValueIncluded=false]"
DDTI,60,60,,,,,,,,,,,,,"[format=range]
min=0x00
max=0xFF
step=01"
PWRD,0x00,0x00,,,,,,,,,,,,,"[format=selection]
00= Scanner Enabled. 
01= Scanner Disabled. 
"
DDTH,625,625,,,,,,,,,,,,,"[format=range]
min=1
max=5000
step=01"
DLSF,,,,,,,,,,,,,,,
DLFF,,,,,,,,,,,,,,,
DLDF,,,,,,,,,,,,,,,
DLFS,,,,,,,,,,,,,,,
DLEN,,,,,,,,,,,,,,,
T4SF,,,,,,,,,,,,,,,
T4TO,,,,,,,,,,,,,,,
T4A2,,,,,,,,,,,,,,,
T4A1,,,,,,,,,,,,,,,
T45R,,,,,,,,,,,,,,,
T45T,,,,,,,,,,,,,,,
T45S,,,,,,,,,,,,,,,
T45L,,,,,,,,,,,,,,,
T45C,,,,,,,,,,,,,,,
T44R,,,,,,,,,,,,,,,
T44T,,,,,,,,,,,,,,,
T44S,,,,,,,,,,,,,,,
T44L,,,,,,,,,,,,,,,
T44C,,,,,,,,,,,,,,,
T43R,,,,,,,,,,,,,,,
T43T,,,,,,,,,,,,,,,
T43S,,,,,,,,,,,,,,,
T43L,,,,,,,,,,,,,,,
T43C,,,,,,,,,,,,,,,
T42R,,,,,,,,,,,,,,,
T42T,,,,,,,,,,,,,,,
T42S,,,,,,,,,,,,,,,
T42L,,,,,,,,,,,,,,,
T42C,,,,,,,,,,,,,,,
T41R,,,,,,,,,,,,,,,
T41T,,,,,,,,,,,,,,,
T41S,,,,,,,,,,,,,,,
T41L,,,,,,,,,,,,,,,
T41C,,,,,,,,,,,,,,,
T4RR,,,,,,,,,,,,,,,
T4RF,,,,,,,,,,,,,,,
T4RE,,,,,,,,,,,,,,,
T4AN,,,,,,,,,,,,,,,
T4AT,,,,,,,,,,,,,,,
T4AC,,,,,,,,,,,,,,,
T4AE,,,,,,,,,,,,,,,
T4MP,,,,,,,,,,,,,,,
T4MC,,,,,,,,,,,,,,,
T4ML,,,,,,,,,,,,,,,
T4MT,,,,,,,,,,,,,,,
T4EN,,,,,,,,,,,,,,,
T3SF,,,,,,,,,,,,,,,
T3TO,,,,,,,,,,,,,,,
T3A2,,,,,,,,,,,,,,,
T3A1,,,,,,,,,,,,,,,
T35R,,,,,,,,,,,,,,,
T35T,,,,,,,,,,,,,,,
T35S,,,,,,,,,,,,,,,
T35L,,,,,,,,,,,,,,,
T35C,,,,,,,,,,,,,,,
T34R,,,,,,,,,,,,,,,
T34T,,,,,,,,,,,,,,,
T34S,,,,,,,,,,,,,,,
T34L,,,,,,,,,,,,,,,
T34C,,,,,,,,,,,,,,,
T33R,,,,,,,,,,,,,,,
T33T,,,,,,,,,,,,,,,
T33S,,,,,,,,,,,,,,,
T33L,,,,,,,,,,,,,,,
T33C,,,,,,,,,,,,,,,
T32R,,,,,,,,,,,,,,,
T32T,,,,,,,,,,,,,,,
T32S,,,,,,,,,,,,,,,
T32L,,,,,,,,,,,,,,,
T32C,,,,,,,,,,,,,,,
T31R,,,,,,,,,,,,,,,
T31T,,,,,,,,,,,,,,,
T31S,,,,,,,,,,,,,,,
T31L,,,,,,,,,,,,,,,
T31C,,,,,,,,,,,,,,,
T3RR,,,,,,,,,,,,,,,
T3RF,,,,,,,,,,,,,,,
T3RE,,,,,,,,,,,,,,,
T3AN,,,,,,,,,,,,,,,
T3AT,,,,,,,,,,,,,,,
T3AC,,,,,,,,,,,,,,,
T3AE,,,,,,,,,,,,,,,
T3MP,,,,,,,,,,,,,,,
T3MC,,,,,,,,,,,,,,,
T3ML,,,,,,,,,,,,,,,
T3MT,,,,,,,,,,,,,,,
T3EN,,,,,,,,,,,,,,,
T2SF,,,,,,,,,,,,,,,
T2TO,,,,,,,,,,,,,,,
T2A2,,,,,,,,,,,,,,,
T2A1,,,,,,,,,,,,,,,
T25R,,,,,,,,,,,,,,,
T25T,,,,,,,,,,,,,,,
T25S,,,,,,,,,,,,,,,
T25L,,,,,,,,,,,,,,,
T25C,,,,,,,,,,,,,,,
T24R,,,,,,,,,,,,,,,
T24T,,,,,,,,,,,,,,,
T24S,,,,,,,,,,,,,,,
T24L,,,,,,,,,,,,,,,
T24C,,,,,,,,,,,,,,,
T23R,,,,,,,,,,,,,,,
T23T,,,,,,,,,,,,,,,
T23S,,,,,,,,,,,,,,,
T23L,,,,,,,,,,,,,,,
T23C,,,,,,,,,,,,,,,
T22R,,,,,,,,,,,,,,,
T22T,,,,,,,,,,,,,,,
T22S,,,,,,,,,,,,,,,
T22L,,,,,,,,,,,,,,,
T22C,,,,,,,,,,,,,,,
T21R,,,,,,,,,,,,,,,
T21T,,,,,,,,,,,,,,,
T21S,,,,,,,,,,,,,,,
T21L,,,,,,,,,,,,,,,
T21C,,,,,,,,,,,,,,,
T2RR,,,,,,,,,,,,,,,
T2RF,,,,,,,,,,,,,,,
T2RE,,,,,,,,,,,,,,,
T2AN,,,,,,,,,,,,,,,
T2AT,,,,,,,,,,,,,,,
T2AC,,,,,,,,,,,,,,,
T2AE,,,,,,,,,,,,,,,
T2MP,,,,,,,,,,,,,,,
T2MC,,,,,,,,,,,,,,,
T2ML,,,,,,,,,,,,,,,
T2MT,,,,,,,,,,,,,,,
T2EN,,,,,,,,,,,,,,,
T1SF,,,,,,,,,,,,,,,
T1TO,,,,,,,,,,,,,,,
T1A2,,,,,,,,,,,,,,,
T1A1,,,,,,,,,,,,,,,
T15R,,,,,,,,,,,,,,,
T15T,,,,,,,,,,,,,,,
T15S,,,,,,,,,,,,,,,
T15L,,,,,,,,,,,,,,,
T15C,,,,,,,,,,,,,,,
T14R,,,,,,,,,,,,,,,
T14T,,,,,,,,,,,,,,,
T14S,,,,,,,,,,,,,,,
T14L,,,,,,,,,,,,,,,
T14C,,,,,,,,,,,,,,,
T13R,,,,,,,,,,,,,,,
T13T,,,,,,,,,,,,,,,
T13S,,,,,,,,,,,,,,,
T13L,,,,,,,,,,,,,,,
T13C,,,,,,,,,,,,,,,
T12R,,,,,,,,,,,,,,,
T12T,,,,,,,,,,,,,,,
T12S,,,,,,,,,,,,,,,
T12L,,,,,,,,,,,,,,,
T12C,,,,,,,,,,,,,,,
T11R,,,,,,,,,,,,,,,
T11T,,,,,,,,,,,,,,,
T11S,,,,,,,,,,,,,,,
T11L,,,,,,,,,,,,,,,
T11C,,,,,,,,,,,,,,,
T1RR,,,,,,,,,,,,,,,
T1RF,,,,,,,,,,,,,,,
T1RE,,,,,,,,,,,,,,,
T1AN,,,,,,,,,,,,,,,
T1AT,,,,,,,,,,,,,,,
T1AC,,,,,,,,,,,,,,,
T1AE,,,,,,,,,,,,,,,
T1MP,,,,,,,,,,,,,,,
T1MC,,,,,,,,,,,,,,,
T1ML,,,,,,,,,,,,,,,
T1MT,,,,,,,,,,,,,,,
T1EN,,,,,,,,,,,,,,,
CNTT,,,,,,,,,,,,,,,
CNTO,,,,,,,,,,,,,,,
CNRT,,,,,,,,,,,,,,,
CNL2,,,,,,,,,,,,,,,
CNT2,,,,,,,,,,,,,,,
CNL1,,,,,,,,,,,,,,,
CNT1,,,,,,,,,,,,,,,
CNEN,,,,,,,,,,,,,,,
AFNM,,,,,,,,,,,,,,,
UICB,0x03,0x03,,,,,,,,,,,,,"[format=selection]
0x00=Indication disabled
0x01=Low brightness indication
0x02=Medium brightness indication
0x03=High brightness indication"
LOGB,0x0A,0x0A,,,,,,,,,,,,,"[format=range]
min=0x00
max=0x0A
step=01"
RFTA,0x01,0x01,,,,,,,,,,,,,"[format=selection]
00=No indications
01=Beep indication
02=Led indication
03=Beep and Led indications
04=Viber indication
05=Beep and Viber indications
06=Led and Viber indications
07=Beep, Led and Viber indications
[PRG_ValueIncluded=false]"
RFEA,0x01,0x01,,,,,,,,,,,,,"[format=selection]
00=No indications
01=Beep indication
02=Led indication
03=Beep and Led indications
04=Viber indication
05=Beep and Viber indications
06=Led and Viber indications
07=Beep, Led and Viber indications
[PRG_ValueIncluded=false]"
RFDA,0x00,0x00,,,,,,,,,,,,,"[format=selection]
00=No additional indications
01=Led additional indication
02=Viber additional indication
03=Led and Viber additional indications
[PRG_ValueIncluded=false]"
RFCA,0x00,0x00,,,,,,,,,,,,,"[format=selection]
00=No additional indications
01=Led additional indication
02=Viber additional indication
03=Led and Viber additional indications
[PRG_ValueIncluded=false]"
XCEM,0x00,0x00,,,,,,,,,,,,,"[format=selection]
00=Disable
01=Enable"
UITA,0x00,0x00,,,,,,,,,,,,,"[format=selection]
00=No additional indications
01=Led additional indication
02=Viber additional indication
03=Led and Viber additional indications
[PRG_ValueIncluded=false]"
UISM,0x00,0x00,,,,,,,,,,,,,"[format=selection]
00=Disable
01=Enable
[PRG_ValueIncluded=false]"
VBPE,0x00,0x00,,,,,,,,,,,,,"[format=selection]
00=Disable
01=Enable
[PRG_ValueIncluded=false]"
UCEM,0x00,0x00,,,,,,,,,,,,,"[format=selection]
00=Disable
01=Enable"
TLLC,0x00,0x00,,,,,,,,,,,,,"[format=selection]
00=Variable-length decoding
01=Fixed-length decoding"
TLL2,0x0174,0x0174,,,,,,,,,,,,,"[format=range]
min=0x0007
max=0x0174
step=01
[PRG_ValueIncluded=false]"
TLL1,0x0007,0x0007,,,,,,,,,,,,,"[format=range]
min=0x0007
max=0x0174
step=01
[PRG_ValueIncluded=false]"
TLID,0x247600,0x247600,,,,,,,,,,,,,"[format=ascii]
padding=00
[PRG_ValueIncluded=false]"
TLAI,0x00,0x00,,,,,,,,,,,,,"[format=selection]
00=Disable
01=Enable
[ExtraOption=NotAvailableFor]
classes=11"
TLEN,0x00,0x00,,,,,,,,,,,,,"[format=selection]
00=Disable
01=Enable"
SPSE,0x64,0x64,,,,,,,,,,,,,"[format=range]
min=0x01
max=0x64
step=01
[PRG_ValueIncluded=false]"
SMTA,0x65,0x65,,,,,,,,,,,,,"[format=range]
min=0x00
max=0x65
step=01
[PRG_ValueIncluded=false]"
SMSM,0x00,0x00,,,,,,,,,,,,,"[format=range]
min=00
max=0xFF
step=01
[PRG_ValueIncluded=false]"
SMAS,0x00,0x00,,,,,,,,,,,,,"[format=range]
min=00
max=0xFF
step=01
[PRG_ValueIncluded=false]"
QRET,0x01,0x01,,,,,,,,,,,,,"[format=selection]
00=Disable
01=Enable"
P4ET,0x01,0x01,,,,,,,,,,,,,"[format=selection]
00=Disable
01=Enable"
MXET,0x01,0x01,,,,,,,,,,,,,"[format=selection]
00=Disable
01=Enable"
MIET,0x01,0x01,,,,,,,,,,,,,"[format=selection]
00=Disable
01=Enable"
LOGT,0x0A,0x0A,,,,,,,,,,,,,"[format=range]
min=0x00
max=0x0A
step=01"
LCEM,0x00,0x00,,,,,,,,,,,,,"[format=selection]
00=Disable
01=Enable"
ECEM,0x00,0x00,,,,,,,,,,,,,"[format=selection]
00=Disable
01=Enable"
DMET,0x01,0x01,,,,,,,,,,,,,"[format=selection]
00=Disable
01=Enable"
DMEC,0x00,0x00,,,,,,,,,,,,,"[format=selection]
00=Disable
01=Enable"
DCET,0x01,0x01,,,,,,,,,,,,,"[format=selection]
00=Disable
01=Enable"
CSET,0x01,0x01,,,,,,,,,,,,,"[format=selection]
00=Disable
01=Enable"
CMET,0x01,0x01,,,,,,,,,,,,,"[format=selection]
00=Disable
01=Enable"
AZET,0x01,0x01,,,,,,,,,,,,,"[format=selection]
00=Disable
01=Enable"
ACEM,0x00,0x00,,,,,,,,,,,,,"[format=selection]
00=Disable
01=Enable"
8CEM,0x00,0x00,,,,,,,,,,,,,"[format=selection]
00=Disable
01=Enable"
4CEM,0x00,0x00,,,,,,,,,,,,,"[format=selection]
00=Disable
01=Enable"
3CEM,0x00,0x00,,,,,,,,,,,,,"[format=selection]
00=Disable
01=Enable"
BPCE,0x01,0x01,,,,,,,,,,,,,"[format=selection]
00=Disable
01=Enable"
ETPT,0x05,0x05,,,,,,,,,,,,,"[format=range]
min=0x00
max=0xFF"
ETPM,0x00,0x00,,,,,,,,,,,,,"[format=selection]
0x00=Characters Terminator
0x01=Timeout Terminator"
DCLC,0x00,0x00,,,,,,,,,,,,,"[format=selection]
00=Variable-length decoding
01=Fixed-length decoding"
DCL2,0x32,0x32,,,,,,,,,,,,,"[format=range]
min=00
max=0x087A
step=01
[PRG_ValueIncluded=false]"
DCL1,0x03,0x03,,,,,,,,,,,,,"[format=range]
min=01
max=0x087A
step=01
[PRG_ValueIncluded=false]"
RFPP,0x00,0x00,,,,,,,,,,,,,"[format=selection]
00=Point to multipoint
01=Point to point"
USTM,0x14,0x14,,,,,,,,,,,,,"[format=range]
min=00
max=0x63
step=01
[PRG_ValueIncluded=false]"
SNTR,0x01,0x01,,,,,,,,,,,,,"[format=range]
min=0x01
max=0x0A
step=0x01
[PRG_ValueIncluded=false]"
P1LC,0x00,0x00,,,,,,,,,,,,,"[format=selection]
00=Variable-length decoding
01=Fixed-length decoding"
P1L2,0x06,0x06,,,,,,,,,,,,,"[format=range]
min=0x02
max=0x06
step=01
[PRG_ValueIncluded=false]"
P1L1,0x02,0x02,,,,,,,,,,,,,"[format=range]
min=0x02
max=0x06
step=01
[PRG_ValueIncluded=false]"
P1ID,0x5E7000,0x5E7000,,,,,,,,,,,,,"[format=ascii]
padding=00
[PRG_ValueIncluded=false]"
P1DI,0x00,0x00,,,,,,,,,,,,,"[format=selection]
00=Horizontal left to right
01=Horizontal right to left
02=Vertical top down
03=Vertical bottom up"
P1EN,0x00,0x00,,,,,,,,,,,,,"[format=selection]
00=Disable
01=Enable"
P1AI,0x00,0x00,,,,,,,,,,,,,"[format=selection]
00=Disable
01=Enable
[ExtraOption=NotAvailableFor]
classes=11"
OMID,0x246D00,0x246D00,,,,,,,,,,,,,"[format=ascii]
padding=00
[PRG_ValueIncluded=false]"
OMAI,0x00,0x00,,,,,,,,,,,,,"[format=selection]
00=Disable
01=Enable
[ExtraOption=NotAvailableFor]
classes=11"
OBID,0x247000,0x247000,,,,,,,,,,,,,"[format=ascii]
padding=00
[PRG_ValueIncluded=false]"
OBAI,0x00,0x00,,,,,,,,,,,,,"[format=selection]
00=Disable
01=Enable
[ExtraOption=NotAvailableFor]
classes=11"
OAID,0x246F00,0x246F00,,,,,,,,,,,,,"[format=ascii]
padding=00
[PRG_ValueIncluded=false]"
OAAI,0x00,0x00,,,,,,,,,,,,,"[format=selection]
00=Disable
01=Enable
[ExtraOption=NotAvailableFor]
classes=11"
LBID,0x760000,0x524C00,,0x450000,0x523400,,,,,,0x760000,,,0x523400,"[format=ascii]
padding=00
[PRG_ValueIncluded=false]"
LADI,0x01,0x01,,,,,,,,,,,,,"[format=selection]
00=Low
01=Normal
02=High"
LADF,0x01,0x01,,,,,,,,,,,,,"[format=selection]
00=Low
01=Normal
02=High"
IPAG,0x01,0x01,,,,,,,,,,,,,"[format=selection]
00=Disable
01=Enable"
FSEN,0x01,0x01,,,,,,,,,,,,,"[format=selection]
00=Disable
01=Enable"
FAMC,0x3030303031,0x3030303031,,,,,,,,,,,,,[format=ascii]
DWSC,0x03,0x03,,,,,,,,,,,,,"[format=range]
min=0x01
max=0xFF
step=01
[PRG_ValueIncluded=false]"
DWPR,0x00,0x00,,,,,,,,,,,,,"[format=selection]
00=Digimarc prioritized
01=Barcodes prioritized
02=Balanced"
DWID,0x2B0000,0x2B0000,,,,,,,,,,,,,"[format=ascii]
padding=00
[PRG_ValueIncluded=false]"
DWEN,0x01,0x01,,,,,,,,,,,,,"[format=selection]
00=Disabled
01=Digimarc Compatible
02=Digimarc Enhanced
03=Digimarc Native"
DWAI,0x00,0x00,,,,,,,,,,,,,"[format=selection]
00=Disable
01=Enable
[ExtraOption=NotAvailableFor]
classes=11"
DPME,0x01,0x01,,,,,,,,,,,,,"[format=selection]
00=Disable
01=Enable"
DGTM,0x00,0x00,,,,,,,,,,,,,"[format=selection]
00=Disable
01=Results (TTR)
02=Decoding statistics
03=Acquisition
04=Results and decoding statistics
05=Results, decoding statistics and acquisition
06=Decoding statistics with buffer injection"
DDBE,0x00,0x00,,,,,,,,,,,,,"[format=selection]
00=Disable
01=Enable"
DCID,0x246400,0x246400,,,,,,,,,,,,,"[format=ascii]
padding=00
[PRG_ValueIncluded=false]"
DCAI,0x00,0x00,,,,,,,,,,,,,"[format=selection]
0x00=Disable
0x01=Enable
[ExtraOption=NotAvailableFor]
classes=11"
R2AL,0x00,0x00,,,,,,,,,,,,,"[format=selection]
00=Disable
01=Enable"
PCLC,0x00,0x00,,,,,,,,,,,,,"[format=selection]
00=Variable-length decoding
01=Fixed-length decoding"
PCL2,0x06,0x06,,,,,,,,,,,,,"[format=range]
min=0x02
max=0x06
step=01
[PRG_ValueIncluded=false]"
PCL1,0x02,0x02,,,,,,,,,,,,,"[format=range]
min=0x02
max=0x06
step=01
[PRG_ValueIncluded=false]"
PCDI,0x00,0x00,,,,,,,,,,,,,"[format=selection]
00=Horizontal left to right
01=Horizontal right to left
02=Vertical top down
03=Vertical bottom up"
PCEN,0x00,0x00,,,,,,,,,,,,,"[format=selection]
00=Disable
01=Enable"
DETP,0x03,0x03,,,,,,,,,,,,,"[format=selection]
00=Unlimited
01=Shortest
02=Short
03=Normal
04=Long
05=Longest"
DTTH,0x32,0x32,,,,,,,,,,,,,"[format=range]
min=0x00
max=0x7F
step=01
[PRG_ValueIncluded=false]"
DTLA,0x3C,0x3C,,,,,,,,,,,,,"[format=range]
min=0x00
max=0xFF
step=01
[PRG_ValueIncluded=false]"
DTTL,0x04,0x04,,,,,,,,,,,,,"[format=range]
min=0x00
max=0x7F
step=01
[PRG_ValueIncluded=false]"
DTTW,0xC8,0xC8,,,,,,,,,,,,,"[format=range]
min=0x00
max=0xFF
step=01
[PRG_ValueIncluded=false]"
ULPE,0x00,0x00,,,,,,,,,,,,,"[format=selection]
00=Disable
01=Enable
02=Disable with indication
03=Enable with indication"
SITF,0x47,0x47,,,,,,,,,,,,,"[format=selection]
0x47=USB-COM
0x44=USB-HID-POS
0x35=USB-KBD"
BALM,0x32,0x32,,,,,,,,,,,,,"[format=range]
min=0x00
max=0x64
step=01
[PRG_ValueIncluded=false]"
DETP,0x03,0x03,,,,,,,,,,,,,"[format=selection]
00=Unlimited
01=Shortest
02=Short
03=Normal
04=Long
05=Longest"
BTWF,0x00000000000000000000,0x00000000000000000000,,,,,,,,,,,,,
BTSL,0x01,0x01,,,,,,,,,,,,,"[format=selection]
01=Level 1 - lowest
02=Level 2
03=Level 3 - highest"
BTSF,0x00,0x00,,,,,,,,,,,,,"[format=selection]
00=Disable SDK
01=Enable SDK with CRC
02=Enable SDK without CRC
03=Enable Dynamic SDK"
BTPF,0x00,0x00,,,,,,,,,,,,,"[format=selection]
0x00=DAP
0x10=HID
0x20=SPP"
BTHD,0x0A,0x0A,,,,,,,,,,,,,"[format=range]
min=00
max=0xFF"
BTDT,0x02,0x02,,,,,,,,,,,,,"[format=selection]
00=1 minute
01=2 minutes
02=3 minutes
03=4 minutes
04=5 minutes"
BTCR,0x00,0x00,,,,,,,,,,,,,"[format=selection]
00=Active and passive, for a limited time
01=Active, for a limited time
02=Passive, for a limited time"
BSPD,0x00,0x00,,,,,,,,,,,,,"[format=selection]
00=False
01=True"
BLAR,0x01,0x01,,,,,,,,,,,,,"[format=selection]
00=Disabled
01=Double Tap
02=Horizontal Shake (future impl.)
03=Wake up (future impl.)"
BCHP,0x00,0x00,,,,,,,,,,,,,"[format=selection]
00=Maximum Performances
01=Battery Health
02=Battery Save
03=Fast Charge"
I2FE,0x00,0x00,,,,,,,,,,,,,"[format=selection]
00=Disable
01=Enable"
TSKC,0x00,0x00,,,,,,,,,,,,,"[format=range]
min=0x00
max=0xFF
step=01
[PRG_ValueIncluded=false]"
DS10,0x0000000000000000000000000000000000000000,0x0000000000000000000000000000000000000000,,,,,,,,,,,,,"[format=ascii]
padding=00
[PRG_ValueIncluded=false]"
DS09,0x0000000000000000000000000000000000000000,0x0000000000000000000000000000000000000000,,,,,,,,,,,,,"[format=ascii]
padding=00
[PRG_ValueIncluded=false]"
DS08,0x0000000000000000000000000000000000000000,0x0000000000000000000000000000000000000000,,,,,,,,,,,,,"[format=ascii]
padding=00
[PRG_ValueIncluded=false]"
DS07,0x0000000000000000000000000000000000000000,0x0000000000000000000000000000000000000000,,,,,,,,,,,,,"[format=ascii]
padding=00
[PRG_ValueIncluded=false]"
DS06,0x0000000000000000000000000000000000000000,0x0000000000000000000000000000000000000000,,,,,,,,,,,,,"[format=ascii]
padding=00
[PRG_ValueIncluded=false]"
DS05,0x0000000000000000000000000000000000000000,0x0000000000000000000000000000000000000000,,,,,,,,,,,,,"[format=ascii]
padding=00
[PRG_ValueIncluded=false]"
DS04,0x0000000000000000000000000000000000000000,0x0000000000000000000000000000000000000000,,,,,,,,,,,,,"[format=ascii]
padding=00
[PRG_ValueIncluded=false]"
DS03,0x0000000000000000000000000000000000000000,0x0000000000000000000000000000000000000000,,,,,,,,,,,,,"[format=ascii]
padding=00
[PRG_ValueIncluded=false]"
DS02,0x0000000000000000000000000000000000000000,0x0000000000000000000000000000000000000000,,,,,,,,,,,,,"[format=ascii]
padding=00
[PRG_ValueIncluded=false]"
DS01,0x0000000000000000000000000000000000000000,0x0000000000000000000000000000000000000000,,,,,,,,,,,,,"[format=ascii]
padding=00
[PRG_ValueIncluded=false]"
DN10,0x00,0x00,,,,,,,,,,,,,"[format=range]
min=0x00
max=0xFF
step=01
[PRG_ValueIncluded=false]"
DN09,0x00,0x00,,,,,,,,,,,,,"[format=range]
min=0x00
max=0xFF
step=01
[PRG_ValueIncluded=false]"
DN08,0x00,0x00,,,,,,,,,,,,,"[format=range]
min=0x00
max=0xFF
step=01
[PRG_ValueIncluded=false]"
DN07,0x00,0x00,,,,,,,,,,,,,"[format=range]
min=0x00
max=0xFF
step=01
[PRG_ValueIncluded=false]"
DN06,0x00,0x00,,,,,,,,,,,,,"[format=range]
min=0x00
max=0xFF
step=01
[PRG_ValueIncluded=false]"
DN05,0x00,0x00,,,,,,,,,,,,,"[format=range]
min=0x00
max=0xFF
step=01
[PRG_ValueIncluded=false]"
DN04,0x00,0x00,,,,,,,,,,,,,"[format=range]
min=0x00
max=0xFF
step=01
[PRG_ValueIncluded=false]"
DN03,0x00,0x00,,,,,,,,,,,,,"[format=range]
min=0x00
max=0xFF
step=01
[PRG_ValueIncluded=false]"
DN02,0x00,0x00,,,,,,,,,,,,,"[format=range]
min=0x00
max=0xFF
step=01
[PRG_ValueIncluded=false]"
DN01,0x00,0x00,,,,,,,,,,,,,"[format=range]
min=0x00
max=0xFF
step=01
[PRG_ValueIncluded=false]"
SNPF,0x00,0x00,,,,,,,,,,,,,"[format=selection]
00=Disable
01=Enable"
OCMU,0x01,0x01,,,,,,,,,,,,,"[format=range]
min=0x01
max=0x05
step=01
[PRG_ValueIncluded=false]"
OCEN,0x00000000,0x00000000,,,,,,,,,,,,,"[format=selection]
0x00000000=Disable
0x00000001=EU Identity Card OCR
0x00000002=Passport OCR
0x00000004=Italian Postal OCR
0x00000008=Italian ITB Bank OCR
0x00000010=Swiss Driving License OCR
0x00000020=French Identity Card OCR
0x10000000=First Custom Structure
0x20000000=Second Custom Structure
0x40000000=Third Custom Structure
0x80000000=Fourth Custom Structure
[ExtraOption=AllValuesAccepted]"
OCCF,0x37,0x37,,,,,,,,,,,,,"[format=range]
min=00
max=0x64
step=01
[PRG_ValueIncluded=false]"
CMO8,0x07,0x07,,,,,,,,,,,,,"[format=range]
min=00
max=0x1E
step=01
[PRG_ValueIncluded=false]"
IPTE,,,,,,,,,,,,,,,
IPTD,,,,,,,,,,,,,,,
IPTC,,,,,,,,,,,,,,,
IPTB,,,,,,,,,,,,,,,
IPTA,,,,,,,,,,,,,,,
SLPO,0x01,0x01,,,,,,,,,,,,,"[format=range]
min=0x01
max=0x0C
step=01
[PRG_ValueIncluded=false]"
SLPL,0x0A,0x0A,,,,,,,,,,,,,"[format=range]
min=0x01
max=0xFF
step=01
[PRG_ValueIncluded=false]"
DCMI,0x01,0x01,,,,,,,,,,,,,"[format=range]
min=0x00
max=0xFF
step=01
[PRG_ValueIncluded=false]"
DCMA,0x10,0x10,,,,,,,,,,,,,"[format=range]
min=0x00
max=0xFF
step=01
[PRG_ValueIncluded=false]"
DCHS,0x01,0x01,,,,,,,,,,,,,"[format=selection]
00=Disable
01=Enable"
DCCP,0x00,0x00,,,,,,,,,,,,,"[format=selection]
00=Disable
01=Enable"
HAON,0x01,0x01,,,,,,,,,,,,,"[format=selection]
00=Disable
01=Enable 1D
02=Enable 1D and 2D"
DLGE,0x00,0x00,,,,,,,,,,,,,"[format=selection]
00=Disable
01=Enable"
BTOB,0x00,0x00,,,,,,,,,,,,,"[format=selection]
00=Disable
01=Enable Auto mode
02=Enable manual mode"
BALH,0x64,0x64,,,,,,,,,,,,,"[format=range]
min=0x00
max=0x64
step=01"
BALL,0x02,0x02,,,,,,,,,,,,,"[format=range]
min=0x00
max=0x64
step=01"
BALO,0x00,0x00,,,,,,,,,,,,,"[format=range]
min=0x00
max=0x32
step=01"
GBGT,0x02,0x02,,,,,,,,,,,,,"[format=range]
min=0x00
max=0x32
step=01"
PRCT,0x00,0x00,,,,,,,,,,,,,"[format=selection]
00=Disable
01=Enable"
PRPC,0x01,0x01,,,,,,,,,,,,,"[format=selection]
00=Disable
01=Enable"
ARMR,0x00,0x00,,,,,,,,,,,,,"[format=selection] 
00=Normal 
01=Mirrored
02=Both"
DIAR,01,01,,,,,,,,,,,,,"[format=selection]
00=Shift Mode
01=String Mode"
EDFC,0x01,0x01,,,,,,,,,,,,,"[format=selection]
00=Disable
01=Enable"
DCID,0x246400,0x246400,,,,n.a.,,,,,,,,,"[format=ascii]
padding=00
[PRG_ValueIncluded=false]"
DICM,01,01,,,,,,,,,,,,,"[format=selection]
00=Disable
01=Enable"
DMAS,00,00,,,,,,,,,,,,,"[format=selection]
00=Disable the Append State
01=Enable the Append State"
DISW,00,00,,,,,,,,,,,,,"[format=selection]
00=Disable Displaying Control Characters
01=Enable Displaying Control Characters"
PWSG,0x3D000000,0x3D000000,,,,,,,,,,,,,"[format=ascii]
padding=00
[PRG_ValueIncluded=false]"
PWSF,0x3D000000,0x3D000000,,,,,,,,,,,,,"[format=ascii]
padding=00
[PRG_ValueIncluded=false]"
DALS,0x00000000000000000000000000000000,0x00000000000000000000000000000000,,,,,,,,,,,,,"[format=ascii]
[PRG_ValueIncluded=false]"
DLEN,01,01,,,,,,,,,,,,,"[format=selection]
00=Hide display legend row
01=Show display legend row"
MSLE,0x01,0x01,,,,,,,,,,,,,"[format=selection]
00=Disable
01=Enable
[valueSent=Int]"
NTDE,0x01,0x01,,,,,,,,,,,,,"[format=selection]
00=Disable
01=Enable
[valueSent=Int]"
STCR,0x00,0x00,,,,,,,,,,,,,"[format=selection]
00  = standalone
01 = Satellite.
02 = satellite > 240 characters"
NSLE,0x00,0x00,,,,,,,,,,,,,"[format=selection]
00  = Disable
01 = Enable"
UOSE,0x00,0x00,,,,,,,,,,0x00,,,"[format=selection]
00=Disable
01=Enable
[ExtraOption=NotAvailableFor]
classes=2,3,4,5,6,8,9,10,12"
P4DS,0x01,0x01,,,,,,,,,,,,,"[format=selection]
00=low safety
01=medium safety
02=high safety
[valueSent=Int]"
SPEL,0x05,0x05,,,,,,,,,,,,,"[format=range]
min=0
max=9
step=01
[PRG_ValueIncluded=false]"
RBCC,00,00,,,,,,,,,,,,,"[format=selection]
00=00
01=01"
OCPT,0x01,0x01,,,,,,,,,,,,,"[format=selection]
0x00=ALT Codepage (use on non Unicode application: Notepad)
0x01=ALT Unicode (use on Unicode application: Word)
0x02=ALT Universal (Use for all)
0x03=ALT Unicode for Linux Hosts"
LPWL,0x1E,0x1E,,,,,,,,,,,,,"[format=range]
min=0
max=0x7F
step=01
[PRG_ValueIncluded=false]"
IPWL,0x0C,0x0C,,,,,,,,,,,,,"[format=range]
min=0
max=0x19
step=01
[PRG_ValueIncluded=false]"
IPLR,0x00,0x00,,,,,,,,,,,,,"[format=selection]
00=Allow only normal 1D barcode
01=Allow only reverse 1D barcode
02=Allow both normal and reverse 1D barcode"
I2SM,0x00,0x00,,,,,,,,,,,,,"[format=selection]
00=Disable
01=Enable"
I2LM,0x00,0x00,,,,,,,,,,,,,"[format=selection]
00=Disable
01=Enable"
I2FM,0x00,0x00,,,,,,,,,,,,,"[format=selection]
00=Disable
01=Enable"
ENCO,0x00,0x00,,,,,,,,,,,,,"[format=selection]
0x00=Don't use encoding
0x03=UTF_8
0x04=Windows 874
0x05=Windows 932
0x06=Windows 936
0x07=Windows 949
0x08=Windows 950
0x09=Windows 1250
0x0A=Windows 1251
0x0B=Windows 1252
0x0C=Windows 1253
0x0D=Windows 1254
0x0E=Windows 1255
0x0F=Windows 1256
0x10=Windows 1257
0x11=Windows 1258
0x12=Windows 20866
0x31=Windows 54936
0x13=ISO 8859-1
0x14=ISO 8859-2
0x15=ISO 8859-3
0x16=ISO 8859-4
0x17=ISO 8859-5
0x18=ISO 8859-6
0x19=ISO 8859-7
0x1A=ISO 8859-8
0x1B=ISO 8859-9
0x1C=ISO 8859-10
0x1D=ISO 8859-11
0x1E=ISO 8859-13
0x1F=ISO 8859-14
0x20=ISO 8859-15
0x21=ISO 8859-16
0x22=MS-DOS 437
0x23=MS-DOS 737
0x24=MS-DOS 775
0x25=MS-DOS 850
0x26=MS-DOS 852
0x27=MS-DOS 855
0x28=MS-DOS 857
0x29=MS-DOS 860
0x2A=MS-DOS 861
0x2B=MS-DOS 862
0x2C=MS-DOS 863
0x2D=MS-DOS 865
0x2E=MS-DOS 866
0x2F=MS-DOS 869
0x30=Mac CP10000"
DCEN,0x00,0x00,,,,,,,,,,,,,"[format=selection]
0x00=Disable
0x01=Enable"
AUXM,00,00,,,,,,,,,,,,,"[format=range]
min=00
max=0xFF
step=01"
AUPW,00,00,,,,,,,,,,,,,"[format=range]
min=00
max=0xFF
step=01"
AUGR,00,00,,,,,,,,,,,,,"[format=range]
min=00
max=0xFF
step=01"
AUEM,00,00,,,,,,,,,,,,,"[format=range]
min=00
max=0xFF
step=01"
AUBR,0x0B,0x0B,,,,,,,,,,,,,"[format=range]
min=09
max=0x0C
step=01"
AUAL,0x00,0x00,,,,,,,,,,,,,"[format=range]
min=00
max=0xFF
step=01"
RBHT,0x14,0x14,,,,,,,,,,,,,"[format=range]
min=00
max=0xA0
step=01
[PRG_ValueIncluded=false]"
RBFT,0x14,0x14,,,,,,,,,,,,,"[format=range]
min=00
max=0x32
step=01
[PRG_ValueIncluded=false]"
RBRT,0x00,0x00,,,,,,,,,,,,,"[format=range]
min=00
max=0x32
step=01
[PRG_ValueIncluded=false]"
RBID,0x04,0x04,,,,,,,,,,,,,"[format=range]
min=00
max=0xFF
step=01
[PRG_ValueIncluded=false]"
RBSC,0x03,0x03,,,,,,,,,,,,,"[format=selection]
00=Use Random pattern
01=Use your defined pattern
02=Red
03=Blue
04=Green
05=Yellow
06=Purple
07=Turquoise
08=Orange
09=Fuchsia
0A=Cyan
[PRG_ValueIncluded=false]"
RBSE,01,01,,,,,,,,,,,,,"[format=selection]
00=Disabled
01=Enabled"
RBCL,0x01,0x01,,,,,,,,,,,,,"[format=selection]
00=RED
01=GREEN
02=BLUE"
RBGE,0x01,0x01,,,,,,,,,,,,,"[format=selection]
00=Disable
01=Enable"
VBGL,0x00,0x00,,,,,,,,,,,,,"[format=selection]
00=100 ms
01=300 ms"
VBGE,0x00,0x00,,,,,,,,,,,,,"[format=selection]
00=Disable
01=Enable"
AUEN,0x00,0x00,,,,,,,,,,,,,"[format=selection]
00=Disable
01=Enable"
RBP2,0x89F205DC40000705030005DC40000705030F0000000000000000000000000000000000000000000000000000000000000000,0x89F205DC40000705030005DC40000705030F0000000000000000000000000000000000000000000000000000000000000000,,,,,,,,,,,,,"[format=ascii]
padding=00
min=0x00
max=0xFF
[PRG_ValueIncluded=false]"
RBP1,0x89F2C3E883E800FF000083E80000000000000000000000000000000000000000000000000000000000000000000000000000,0x89F2C3E883E800FF000083E80000000000000000000000000000000000000000000000000000000000000000000000000000,,,,,,,,,,,,,"[format=ascii]
padding=00
min=0x00
max=0xFF
[PRG_ValueIncluded=false]"
BTML,0x0000,0x0000,,,,,,,,,,,,,"[format=range]
min=0x00
max=0xFF
step=01"
ICEN,0x01,0x01,,,,,,,,,,,,,"[format=selection]
00=Disable
01=Enable"
GRIP,00,00,,,,,,,,,,,,,"[format=selection]
00=00
01=01
02=02"
AUAJ,01,01,,,,,,,,,,,,,"[format=selection]
00=00
01=01"
LOGG,0x0A,0x0A,,,,,,,,,,,,,"[format=range]
min=0x00
max=0x0A
step=01"
IFTY,0x0001,0x0001,,,,,,,,,,,,,"[format=range]
min=0x01
max=0x34
step=01"
C2LC,0x00,0x00,,,,,,,,,,,,,"[format=selection]
00=Variable-length decoding
01=Fixed-length decoding"
C2L2,0x32,0x32,,,,,,,,,,,,,"[format=range]
min=0x00
max=0x32
step=01"
C2L1,0x01,0x01,,,,,,,,,,,,,"[format=range]
min=0x01
max=0x32
step=01"
C2EN,0x00,0x00,,,,,,,,,,,,,"[format=selection]
00=Disable
01=Enable"
C2CT,0x01,0x01,,,,,,,,,,,,,"[format=selection]
00=Disable
01=Enable"
C2CC,0x00,0x00,,,,,,,,,,,,,"[format=selection]
00=Disable
01=Enable"
C2AI,0x00,0x00,,,,,,,,,,,,,"[format=selection]
00=Disable
01=Enable
[ExtraOption=NotAvailableFor]
classes=11"
C4LC,0x00,0x00,,,,,,,,,,,,,"[format=selection]
00=Variable-length decoding
01=Fixed-length decoding"
C4L2,0x51,0x51,,,,,,,,,,,,,"[format=range]
min=0x01
max=0x51
step=01"
C4L1,0x01,0x01,,,,,,,,,,,,,"[format=range]
min=0x01
max=0x51
step=01"
C4EN,0x00,0x00,,,,,,,,,,,,,"[format=selection]
00=Disable
01=Enable"
C4AI,0x00,0x00,,,,,,,,,,n.a.,,,"[format=selection]
00=Disable
01=Enable"
C6LC,0x00,0x00,,,,,,,,,,,,,"[format=selection]
00=Variable-length decoding
01=Fixed-length decoding"
C6L2,0x9B,0x9B,,,,,,,,,,,,,"[format=range]
min=0x01
max=0x9B
step=01"
C6L1,0x01,0x01,,,,,,,,,,,,,"[format=range]
min=0x01
max=0x9B
step=01"
C6EN,0x00,0x00,,,,,,,,,,,,,"[format=selection]
00=Disable
01=Enable"
C6AI,0x00,0x00,,,,,,,,,,n.a.,,,"[format=selection]
00=Disable
01=Enable"
GQAI,0x00,0x00,,,,,,,,,,,,,"[format=selection]
00=Disable
01=Enable
[ExtraOption=NotAvailableFor]
classes=11"
GDAI,0x00,0x00,,,,,,,,,,,,,"[format=selection]
00=Disable
01=Enable
[ExtraOption=NotAvailableFor]
classes=11"
MAAP,00,00,,,,,,,,,,,,,"[format=selection]
00=Disabled 
01=Enabled"
PWEJ,0x00000000000000000000000000000000,0x00000000000000000000000000000000,,,,,,,,,,,,,"[format=ascii]
padding=00
min=0x00
max=0xFE
[PRG_ValueIncluded=false]"
PWEO,0x53320000000000000000000000000000,0x53320000000000000000000000000000,,,,,,,,,,,,,"[format=ascii]
padding=00
min=0x00
max=0xFE
[PRG_ValueIncluded=false]"
PWSE,0x00000000,0x00000000,,,,,,,,,,,,,"[format=ascii]
padding=00
min=0x00
max=0xFE
[PRG_ValueIncluded=false]"
PWSD,0x00000000,0x00000000,,,,,,,,,,,,,"[format=ascii]
padding=00
min=0x00
max=0xFE
[PRG_ValueIncluded=false]"
PWSC,0x00000000,0x00000000,,,,,,,,,,,,,"[format=ascii]
padding=00
min=0x00
max=0xFE
[PRG_ValueIncluded=false]"
PWSB,0x00000000,0x00000000,,,,,,,,,,,,,"[format=ascii]
padding=00
min=0x00
max=0xFE
[PRG_ValueIncluded=false]"
PWBT,0x00000000000000000000000000000000,0x00000000000000000000000000000000,,,,,,,,,,,,,"[format=ascii]
padding=00
min=0x00
max=0xFE
[PRG_ValueIncluded=false]"
PWBH,0x00000000000000000000000000000000,0x00000000000000000000000000000000,,,,,,,,,,,,,"[format=ascii]
padding=00
min=0x00
max=0xFE
[PRG_ValueIncluded=false]"
PWDF,00,00,,,,,,,,,,,,,"[format=selection]
00=Disable
01=Enable"
PWSA,00,00,,,,,,,,,,,,,"[format=selection]
00=Disable Lower Case
01=Enable Lower Case"
PWNT,01,01,,,,,,,,,,,,,"[format=selection]
00=0.5s
01=1s
02=1.5s
03=2s"
PWEI,00,00,,,,,,,,,,,,,"[format=selection]
00=Disable
01=Enable"
PWKE,00,00,,,,,,,,,,,,,"[format=selection]
00=Full Keypad echo
01=No echo on function key
02=No echo on any key"
PWQP,0000000000000000,0000000000000000,,,,,,,,,,,,,"[format=ascii]
padding=00
[PRG_ValueIncluded=false]"
PWEH,00,00,,,,,,,,,,,,,"[format=selection]
00=Quantity and Code
01=Code and Quantity
02=Code (transmitted Quantity times)"
PWEK,00,00,,,,,,,,,,,,,"[format=selection]
00=Tx code with default QTY (= 1)
01=CODE alone (no QTY information)
02=Discard barcode (error beep)"
DITS,00,00,,,,,,,,,,,,,"[format=selection]
00=Both barcode and keypad
01=Only from barcode
02=Only from keypad"
DIST,0x02,0x02,,,,,,,,,,,,,"[format=range]
min=00
max=0x63
step=01
[PRG_ValueIncluded=false]"
PWFW,00,00,,,,,,,,,,,,,"[format=selection]
00=Overwrite always
01=Append and transmit
02=Append and not transmit"
DISM,00,00,,,,,,,,,,,,,"[format=selection]
00=Simple Data Input Mode
01=Display Operating Submode"
ETD2,0x000000000000000000000000000000,0x000000000000000000000000000000,,,,,,,,,,,,,"[format=ascii]
padding=00
min=0x2E
max=0x39
[PRG_ValueIncluded=false]"
ETD1,0x000000000000000000000000000000,0x000000000000000000000000000000,,,,,,,,,,,,,"[format=ascii]
padding=00
min=0x2E
max=0x39
[PRG_ValueIncluded=false]"
ETGA,0x000000000000000000000000000000,0x000000000000000000000000000000,,,,,,,,,,,,,"[format=ascii]
padding=00
min=0x2E
max=0x39
[PRG_ValueIncluded=false]"
ETSM,0x3235352E3235352E3235352E300000,0x3235352E3235352E3235352E300000,,,,,,,,,,,,,"[format=ascii]
padding=00
min=0x2E
max=0x39
[PRG_ValueIncluded=false]"
ETIP,0x3139322E3136382E302E3100000000,0x3139322E3136382E302E3100000000,,,,,,,,,,,,,"[format=ascii]
padding=00
min=0x2E
max=0x39
[PRG_ValueIncluded=false]"
ETMH,0001,0001,,,,,,,,,,,,,"[format=selection]
00=Disable 
01=Enable"
ETXN,0x0A,0x0A,,,,,,,,,,,,,"[format=range]
min=00
max=0xFF
step=01"
ETXM,0x32,0x32,,,,,,,,,,,,,"[format=range]
min=00
max=0xFF
step=01"
ETAS,01,01,,,,,,,,,,,,,"[format=selection]
00=Telnet
01=Data Socket
02=Both Telnet and Data Socket"
ETMW,01,01,,,,,,,,,,,,,"[format=selection]
00=Disable
01=1 Client
02=2 Clients
03=3 Clients
04=4 Clients
05=5 Clients
06=6 Clients"
ETMD,01,01,,,,,,,,,,,,,"[format=selection]
00=Disable
01=1 Client
02=2 Clients
03=3 Clients"
ETMT,01,01,,,,,,,,,,,,,"[format=selection]
00=Disable
01=1 Client
02=2 Clients
03=3 Clients"
ETDN,0x4243393138302D00000000000000000000000000000000000000000000000000,0x4243393138302D00000000000000000000000000000000000000000000000000,,,,,,,,,,,,,"[format=ascii]
padding=00
min=0x20
max=0x7E
[PRG_ValueIncluded=false]"
ETPW,0x70617373776F72640000000000000000,0x70617373776F72640000000000000000,,,,,,,,,,,,,"[format=ascii]
padding=00
min=0x20
max=0x7E
[PRG_ValueIncluded=false]"
ETWS,0000,0000,,,,,,,,,,,,,"[format=selection]
00=Disable 
01=Enable"
ETSD,01,01,,,,,,,,,,,,,"[format=selection]
00=ETH IP
01=ETH STD
02=ETH MODBUS"
ETDP,0x51000,0x51000,,,,,,,,,,,,,"[format=range]
min=00
max=0xFFFF
step=01
[valueSend=Int]"
ETAP,0x59180,0x59180,,,,,,,,,,,,,"[format=range]
min=00
max=0xFFFF
step=01
[valueSend=Int]"
ETHP,0x0080,0x0080,,,,,,,,,,,,,"[format=range]
min=00
max=0xFFFF
step=01
[valueSend=Int]"
ETTP,0x0023,0x0023,,,,,,,,,,,,,"[format=range]
min=00
max=0xFFFF
step=01
[valueSend=Int]"
ETDC,0000,0000,,,,,,,,,,,,,"[format=selection]
00=Disable
01=Enable"
ENDC,00,00,,,,,,,,,,,,,"[format=selection]
00=Disable
01=Enable"
ENDP,00,00,,,,,,,,,,,,,"[format=selection]
00=Disable
01=Enable"
MPAI,00,00,,,,,,,,,,,,,"[format=selection]
00=Disable
01=Enable"
XCID,0x640000,0x525800,,0x450000,0x525800,,,,,,0x640000,,,0x525800,"[format=ascii]
padding=00
[PRG_ValueIncluded=false]"
XCAI,0x00,0x00,,,,,,,,,,,,,"[format=selection]
00=Disable
01=Enable
[ExtraOption=NotAvailableFor]
classes=11"
XBU8,0x00,0x00,,,,,,,,,,,,,"[format=selection]
00=Disable
01=Enable"
XBMR,01,01,,,,,,,,,,,,,"[format=range]
min=01
max=04
step=01
[PRG_ValueIncluded=false]"
XBLC,0x00,0x00,,,,,,,,,,,,,"[format=selection]
00=Variable-length decoding
01=Fixed-length decoding"
XBL2,0x4A,0x4A,,,,,,,,,,,,,"[format=range]
min=00
max=0x4A
step=01
[PRG_ValueIncluded=false]"
XBL1,0x01,0x01,,,,,,,,,,,,,"[format=range]
min=01
max=0x4A
step=01
[PRG_ValueIncluded=false]"
XBID,0x740000,0x525800,,0x450000,0x523400,,,,,0x520000,0x740000,,,0x523400,"[format=ascii]
padding=00
[PRG_ValueIncluded=false]"
XBEN,0x00,0x00,,,0x01,,,,,,,,,0x01,"[format=selection]
00=Disable
01=Enable"
XBDA,03,03,,,,,,,,,,,,,"[format=range]
min=01
max=05
step=01
[PRG_ValueIncluded=false]"
XBAI,0x00,0x00,,,,,,,,,,,,,"[format=selection]
00=Disable
01=Enable
[ExtraOption=NotAvailableFor]
classes=11"
XB2D,0x00,0x00,,,,,,,,,,,,,"[format=selection]
00=Disable
01=Enable legacy transmission
02=Enable ISO24723 compatible transmission"
WCVS,0000000000000000000000000000000000000000,0000000000000000000000000000000000000000,,,,,,,,,,,,,[format=ascii]
WASP,01,01,,,,,,,,,,,,,"[format=selection]
00=330 microseconds
01=660 microseconds"
WASC,00,00,,,,,,,,,,,,,"[format=selection]
00=No conversion
01=Convert to Code39 symbology
02=Convert to Code128 symbology
03=Convert to Code39 FULL ASCII symbology"
WAPO,01,01,,,,,,,,,,,,,"[format=selection]
00=Quiet zones and spaces are high, bars are low
01=Quiet zones and spaces are low, bars are high"
WAID,00,00,,,,,,,,,,,,,"[format=selection]
00=Low
01=High"
USSE,0x01,0x01,,,,,,,,,,,,,"[format=selection]
00=Disable
01=Enable
[ExtraOption=NotAvailableFor]
classes=3"
UNSU,00,00,,,,,,,,,,,,,"[format=selection]
00=Disable
01=Enable"
UNSL,0x05,0x05,,,,,,,,,,,,,"[format=range]
min=05
max=0x0F
step=01
[PRG_ValueIncluded=false]"
UNSE,00,00,,,,,,,,,,,,,"[format=selection]
00=Disable
01=Enable"
UNLO,0x02,0x02,,,,,,,,,,,,,"[format=selection]
01=One Module
02=Two Modules
03=Three Modules
04=Four Modules
05=Five Modules
06=Six Modules
07=Seven Modules
08=Eight Modules"
UNG1,00,00,,,,,,,,,,,,,"[format=selection]
00=Disable
01=Enable"
UNDL,02,02,,,,,,,,,,,,,"[format=range]
min=00
max=05
step=01
[PRG_ValueIncluded=false]"
UNDA,0x03,0x03,,,,,,,,0x01,,,,,"[format=range]
min=01
max=05
step=01
[PRG_ValueIncluded=false]"
UNCO,00,00,,,,,,,,,,,,,"[format=selection]
00=Disable
01=Enable"
UMID,0x244500,0x000000,,0x500000,0x000000,,,,,,0x244500,,,0x000000,"[format=ascii]
padding=00
[PRG_ValueIncluded=false]"
UCAI,0x00,0x00,,,,,,,,,,,,,"[format=selection]
00=Disable
01=Enable
[ExtraOption=NotAvailableFor]
classes=11"
U8ID,0x6B0000,0x000000,,0x500000,0x000000,0x462300,,,0x462300,0x460000,0x6B0000,,,0x000000,"[format=ascii]
padding=00
[PRG_ValueIncluded=false]"
U8EN,0x01,0x01,,,,,,,,0x00,,,,,"[format=selection]
00=Transmit EAN128 labels in Code128 data format
01=Transmit EAN128 labels in EAN128 data format
02=Do not transmit EAN128 labels"
U8AI,0x01,0x01,,0x00,,0x00,,,0x00,,0x00,0x00,,,"[format=selection]
00=Disable
01=Enable
[ExtraOption=NotAvailableFor]
classes=11"
U82D,0x00,0x00,,,,,,,,,,,,,"[format=selection]
00=Disable
01=Enable legacy transmission
02=Enable ISO24723 compatible transmission"
U2ST,00,00,,,,,,,,,,,,,"[format=selection]
00=Disable
01=Enable"
U2MR,01,01,,,,,,,,,,,,,"[format=range]
min=01
max=04
step=01
[PRG_ValueIncluded=false]"
U2LC,0x00,0x00,,,,,,,,,,,,,"[format=selection]
00=Variable-length decoding
01=Fixed-length decoding"
U2L2,0x32,0x32,,,,,,,,,,,,,"[format=range]
min=00
max=0x32
step=01
[PRG_ValueIncluded=false]"
U2L1,0x06,0x06,,,,,,,,,,,,,"[format=range]
min=01
max=0x32
step=01
[PRG_ValueIncluded=false]"
U2ID,0x570000,0x570000,,,,,,,,,,,,,"[format=ascii]
padding=00
[PRG_ValueIncluded=false]"
U2EN,0x00,0x00,,,,,,,,,,,,,"[format=selection]
00=Disable
01=Enable"
U2DA,03,03,,,,,,,,,,,,,"[format=range]
min=01
max=05
step=01
[PRG_ValueIncluded=false]"
U2CT,0x01,0x01,,,,,,,,,,,,,"[format=selection]
00=Disable
01=Enable"
U2CO,00,00,,,,,,,,,,,,,"[format=selection]
00=Disable
01=Enable"
U2CC,0x00,0x00,,,,,,,,,,,,,"[format=selection]
00=Disable
01=Enable"
U2AI,0x00,0x00,,,,,,,,,,,,,"[format=selection]
00=Disable
01=Enable
[ExtraOption=NotAvailableFor]
classes=11"
TTXF,00,00,,,,,,,,,,,,,"[format=selection]
00=hh:mm:ss (ISO 8601).
01=hhmmss (No ISO)."
THMS,0x000000000000,0x000000000000,,,,,,,,,,,,,"[format=custom]
[field HH]
size=16
display=hours
[format=range]
min=00
max=0x17
step=01
[valueSent=int]
[/field HH]
[field MM]
size=16
display=minutes
[format=range]
min=00
max=0x3B
step=01
[valueSent=int]
[/field MM]
[field SS]
size=16
display=seconds
[format=range]
min=00
max=0x3B
step=01
[valueSent=int]
[/field SS]"
TATO,00,00,,,,,,,,,,,,,"[format=selection]
00=Disabled
01=Enable short
02=Enable medium
03=Enable long"
TAMD,00,00,,,,,,,,,,,,,"[format=selection]
00=Normal
01=Always On
02=Always Off"
TAAP,0x01,0x01,,,,,,,,,,,,,"[format=selection]
00=Disable
01=Enable
02=Green Spot"
STTX,0x00,0x00,,0x01,,,,,,,,0x01,,,"[format=selection]
00=ACK from cradle
01=ACK when sent to host
02=ACK from host"
STPT,0x02,0x02,,,,,,,,,,,,,"[format=selection]
0x02=2 seconds
0x03=3 seconds
0x04=4 seconds
0x05=5 seconds
0x06=6 seconds
0x07=7 seconds
0x08=8 seconds
0x09=9 seconds
0x0A=10 seconds
0x0B=11 seconds
0x0C=12 seconds
0x0D=13 seconds
0x0E=14 seconds
0x0F=15 seconds
0x10=16 seconds
0x11=17 seconds
0x12=18 seconds
0x13=19 seconds
0x14=20 seconds
0x15=21 seconds
0x16=22 seconds
0x17=23 seconds
0x18=24 seconds
0x19=25 seconds
[PRG_ValueIncluded=false]"
STFA,0x00,0x00,,,,,,,,,,,,,"[format=range]
min=0x00
max=0x05
step=0x01
[PRG_ValueIncluded=false]"
STCP,0x03,0x03,,,,,,,,,,,,,"[format=selection]
00=Compatible Mode
01=Normal Mode: Low Speed
02=Normal Mode: Intermediate Speed
03=Normal Mode: High Speed"
SPTO,0,0,,,,,,,,,,,,,"[format=selection]
00=Trigger Stop
01=Time Out
02=Trigger Time Out"
SPMG,0x01,0x01,,,,,,,,,,,,,"[format=range]
min=00
max=0x40
step=01
[PRG_ValueIncluded=false]"
SPIL,,,,,,,,,,,,,,,"[format=selection]
00=Disabled
01=Enabled
02=Triggered"
SPIC,0x00,0x00,,,,,,,,,,,,,"[format=selection]
00=Disable
01=Always On
02=Always Off"
SPEP,0x001A,0x001A,,,,,,,,,,,,,"[format=range]
min=0001
max=0x7530
step=01
[PRG_ValueIncluded=false]"
SPEN,01,01,,,,,,,,,,,,,"[format=selection]
00=Disable
01=Enable"
SPEM,0x01,0x01,,,,,,,,,,,,,"[format=selection]
00=Manual
01=Automatic with reset to Eposure Period value
02=Automatic with reset to last trigger value"
SPEB,0x10,0x10,,,,,,,,,,,,,"[format=range]
min=00
max=0x40
step=01
[PRG_ValueIncluded=false]"
SPDG,00,00,,,,,,,,,,,,,"[format=selection]
00=Disable
01=Enable"
SPAT,0x60,0x60,,,,,,,,,,,,,"[format=range]
min=0x01
max=0xFF
step=01
[PRG_ValueIncluded=false]"
SPAG,01,01,,,,,,,,,,,,,"[format=selection]
00=Disable
01=Enable"
SPA1,0x0901020501030501040501,0x0901020501030501040501,,,,,,,,,,,,,[format=ascii]
SOTM,00,00,,,,,,,,,,,,,"[format=selection]
00=Disable
01=Enable"
SNTO,0x01,0x01,,,,,,,,,,,,,"[format=selection]
01=Fast
02=Medium
03=Slow"
SNTM,0x04,0x04,,,,,,,,,,,,,"[format=range]
min=01
max=0x20
step=01
[PRG_ValueIncluded=false]"
SNTE,00,00,,,,,,,,,,,,,"[format=selection]
00=Disable
01=Enable"
SNRM,0x00,0x00,,,,,,,,,,,,,"[format=selection]
00=Trigger Single
01=Trigger hold multiple
02=Trigger pulse multiple
03=Flashing
04=Always on
05=Object Detection
06=Trigger Object sense"
SNPT,0x58,0x58,,,,,,,,,,,,,"[format=range]
min=01
max=0xFF
step=01
[PRG_ValueIncluded=false]"
SNPS,0x00,0x00,,,,,,,,,,,,,"[format=range]
min=00
max=0x02
step=01
[PRG_ValueIncluded=false]"
SNPR,0x19,0x19,,,,,,,,,,,,,"[format=range]
min=01
max=0xFF
step=01
[PRG_ValueIncluded=false]"
SNPM,0x00,0x00,,,,,,,,,,,,,"[format=selection]
00=Disable
01=Enable"
SNPE,0x01,0x01,,,,,,,,,,,,,"[format=selection]
00=Disable
01=Enable
02=Display Mode"
SNPD,0x04,0x04,,,,,,,,,,,,,"[format=range]
min=01
max=0xFF
step=01
[PRG_ValueIncluded=false]"
SNOT,0x06,0x06,,,,,,,,,,,,,"[format=range]
min=00
max=0xFF
step=01
[PRG_ValueIncluded=false]"
SNOO,0x00,0x00,,,,,,,,,,,,,"[format=range]
min=0x00
max=0xFF
step=0x01
[PRG_ValueIncluded=false]"
SNON,0x0A,0x0A,,,,,,,,,,,,,"[format=range]
min=0x00
max=0xFF
step=0x1
[PRG_ValueIncluded=false]"
SNOG,0x02,0x02,,,,,,,,,,,,,"[format=range]
min=01
max=0x14
step=01
[PRG_ValueIncluded=false]"
SNMT,0x00,0x00,,,,,,,,,,,,,"[format=selection]
00=Disable
01=Transmit Increasing Length Order
02=Transmit Decreasing Length Order"
SNMS,0x000000000000,0x000000000000,,,,,,,,,,,,,
SNML,0x00,0x00,,,,,,,,,,,,,"[format=selection]
00=Disable
01=Enable"
SNMF,0x05,0x05,,,,,,,,,,,,,"[format=range]
min=00
max=0x3F
step=01
[PRG_ValueIncluded=false]"
SNLG,0x10,0x10,,,,,,,,,,,,,"[format=range]
min=00
max=0xFF
step=01
[PRG_ValueIncluded=false]"
SNFN,0x0A,0x0A,,,,,,,,,,,,,"[format=range]
min=01
max=0x63
step=01
[PRG_ValueIncluded=false]"
SNFF,0x06,0x06,,,,,,,,,,,,,"[format=range]
min=01
max=0x63
step=01
[PRG_ValueIncluded=false]"
SNET,0x05,0x05,,,,,,,,,,,,,"[format=range]
min=01
max=0xFF
step=01
[PRG_ValueIncluded=false]"
SNDR,0x3C,0x3C,,,,,,,,,,,,,"[format=range]
min=01
max=0xFF
step=01
[PRG_ValueIncluded=false]"
SMVS,0x00,0x00,,,,,,,,,,,,,"[format=selection]
00=Disable
01=Generic Stand
02=Permanent Stand
03=Precise Stand"
SMTO,0x05,0x05,,,,,,,,,,,,,"[format=range]
min=00
max=0x63
step=01
[PRG_ValueIncluded=false]"
SMSE,0x01,0x01,,,,,,,,,,,,,"[format=selection]
00=Low
01=Medium
02=High"
SMSD,0x01,0x01,,,,,,,,,,,,,"[format=selection]
00=Ignore autorecognition
01=Switch to stand mode
02=Switch to always on
03=Switch to flashing"
SMIL,00,00,,,,,,,,,,,,,"[format=selection]
00=Off
01=On
02=DIM
03=Off"
SMFL,0x00,0x00,,,,,,,,,,,,,"[format=selection]
00=Disable
01=Enable"
SLTO,0x00,0x00,,,,,,,,,,,,,"[format=range]
min=00
max=0x63
step=01
[PRG_ValueIncluded=false]"
SLQS,0x00,0x00,,,,,,,,,,,,,"[format=range]
min=00
max=0xFF
step=01
[PRG_ValueIncluded=false]"
SLPS,0x06,0x06,0x03,0x03,,0x03,0x03,,0x03,0x03,0x03,0x03,0x03,,"[format=range]
min=00
max=0xFF
step=01
[PRG_ValueIncluded=false]"
SLEN,01,01,,,,,,,,,,,,,"[format=selection]
00=Disable
01=Enable"
SBTO,0x05,0x05,,,,,,,,,,,,,"[format=range]
min=00
max=0x63
step=01
[PRG_ValueIncluded=false]"
S2ST,00,00,,,,,,,,,,,,,"[format=selection]
00=Disable
01=Enable"
S2MR,02,02,,,,,,,,,,,,,"[format=range]
min=01
max=04
step=01
[PRG_ValueIncluded=false]"
S2LC,0x00,0x00,,,,,,,,,,,,,"[format=selection]
00=Variable-length decoding
01=Fixed-length decoding"
S2L2,0x32,0x32,,,,,,,,,,,,,"[format=range]
min=00
max=0x32
step=01
[PRG_ValueIncluded=false]"
S2L1,0x08,0x08,,,,,,,,,,,,,"[format=range]
min=01
max=0x32
step=01
[PRG_ValueIncluded=false]"
S2ID,0x500000,0x730000,,0x480000,0x730000,0x732000,,,0x732000,,0x500000,,,0x730000,"[format=ascii]
padding=00
[PRG_ValueIncluded=false]"
S2EN,0x00,0x00,,,,,,,,,,,,,"[format=selection]
00=Disable
01=Enable"
S2CT,0x01,0x01,,,,,,,,,,,,,"[format=selection]
00=Disable
01=Enable"
S2CO,00,00,,,,,,,,,,,,,"[format=selection]
00=Disable
01=Enable"
S2CC,0x00,0x00,,,,,,,,,,,,,"[format=selection]
00=Disable
01=Enable"
S2AI,0x00,0x00,,,,,,,,,,,,,"[format=selection]
00=Disable
01=Enable
[ExtraOption=NotAvailableFor]
classes=11"
S1AD,0000,0000,,,,,,,,,,,,,"[format=range]
min=00
max=1999
step=01
[PRG_ValueIncluded=false]"
RSSA,0000,0000,,,,,,,,,,,,,"[format=range]
min=0
max=1999
step=01
[PRG_ValueIncluded=false]"
RMXA,0000,0000,,,,,,,,,,,,,"[format=range]
min=0
max=1999
step=01
[PRG_ValueIncluded=false]"
RMNA,0000,0000,,,,,,,,,,,,,"[format=range]
min=0
max=1999
step=01
[PRG_ValueIncluded=false]"
RFTS,00,00,,,,,,,,,,,,,"[format=selection]
00=Disabled.
01=ISO 8601: Date'T'Time.
02=DateTime.
03=TimeDate.
04=Date.
05=Time."
RFTD,0x00,0x00,,,,,,,,,,,,,"[format=range]
min=0x00
max=0xFF
[PRG_ValueIncluded=false]"
R4RZ,00,00,,,,,,,,,,,,,"[format=selection]
00=Disable Network
01=Enable RS-485 Slave
02=Enable RS-485 Master"
R4JH,01,01,,,,,,,,,,,,,"[format=selection]
00=No Transmitted
01=Transmitted"
R4JG,00,00,,,,,,,,,,,,,"[format=selection]
00=No Transmitted
01=Transmitted"
R4JE,00,00,,,,,,,,,,,,,"[format=selection]
00=baudrate 9600
01=BaudRate 19200
02=BaudRate 34800"
R4JC,0000,0000,,,,,,,,,,,,,"[format=range]
min=00
max=1999
step=01
[PRG_ValueIncluded=false]"
R4JB,0000,0000,,,,,,,,,,,,,"[format=range]
min=00
max=1999
step=01
[PRG_ValueIncluded=false]"
R4A1,0x0D0A000000000000,0x0D0A000000000000,,,,,,,,,,,,,"[format=ascii]

[PRG_ValueIncluded=false]"
R4A0,0000000000000000,0000000000000000,,,,,,,,,,,,,"[format=ascii]

[PRG_ValueIncluded=false]"
R2TF,0x01,0x01,,,,,,,,,,,,,"[format=selection]
00=Disable
01=Enable
[ExtraOption=NotAvailableFor]
classes=5,8,9,11,12"
R2ST,0x00,0x00,,,,,,,,,,,,,"[format=selection]
00=One
01=Two
[ExtraOption=NotAvailableFor]
classes=5,8,9,11,12"
R2PA,0x00,0x00,,0x02,,,,,,,,,,,"[format=selection]
00=None
01=Even
02=Odd
[ExtraOption=NotAvailableFor]
classes=5,8,9,11,12"
R2NA,0x15,0x15,,,,,,,,,,,,,"[format=ascii]
[PRG_ValueIncluded=false]
[ExtraOption=NotAvailableFor]
classes=5,8,9,11,12"
R2IC,0x00,0x00,,,,,,,,,,,,,"[format=range]
min=00
max=0x63
step=01
[PRG_ValueIncluded=false]
[ExtraOption=NotAvailableFor]
classes=5,8,9,11"
R2HC,0x00,0x00,,0x01,0x05,,,,,,,,,0x00,"[format=selection]
00=RTS
01=RTS/CTS
02=RTS/XON/XOFF
03=RTS On/CTS
04=RTS/CTS scan control
05=RTS Off
[ExtraOption=NotAvailableFor]
classes=5,8,9,11,12"
R2EH,0x00,0x00,,,,,,,,,,,,,"[format=selection]
00=Ignore errors detected
01=Process error as valid ACK character
02=Process error as valid NAK character
[ExtraOption=NotAvailableFor]
classes=5,8,9,11,12"
R2EC,0x45,0x45,,,,,,,,,,,,,"[format=ascii]
except=0xFF
[PRG_ValueIncluded=false]
[ExtraOption=NotAvailableFor]
classes=5,8,9,11"
R2DC,0x44,0x44,,,,,,,,,,,,,"[format=ascii]
except=0xFF
[PRG_ValueIncluded=false]
[ExtraOption=NotAvailableFor]
classes=5,8,9,11"
R2DA,0x01,0x01,,,,,,,,,,,,,"[format=selection]
00=Seven data bits
01=Eight data bits
[ExtraOption=NotAvailableFor]
classes=5,8,9,11,12"
R2BB,0x00,0x00,,,,,,,,,,,,,"[format=selection]
00=Disable
01=Enable
[ExtraOption=NotAvailableFor]
classes=5,8,9,11"
R2BA,0x03,0x03,,0x03,,,0x07,,,,0x07,,,,"[format=selection]
0x00=1200
0x01=2400
0x02=4800
0x03=9600
0x04=19200
0x05=38400
0x06=57600
0x07=115200
[ExtraOption=NotAvailableFor]
classes=5,8,9,11,12"
R2AT,0x01,0x01,,,,,,,,,,,,,"[format=range]
min=00
max=0x4B
step=01
[PRG_ValueIncluded=false]
[ExtraOption=NotAvailableFor]
classes=5,8,9,11,12"
R2AR,0x03,0x03,,,,,,,,,,,,,"[format=range]
min=00
max=0xFF
step=01
[PRG_ValueIncluded=false]
[ExtraOption=NotAvailableFor]
classes=5,8,9,11,12"
R2AE,0x00,0x00,,,,,,,,,,,,,"[format=selection]
00=Disable ACK/NAK
01=Enable ACK/NAK for label transmission
02=Enable ACK/NAK for host-command acknowledge
03=Enable ACK/NAK for label transmission and host-command acknowledge
[ExtraOption=NotAvailableFor]
classes=5,8,9,11,12"
R2AC,0x06,0x06,,,,,,,,,,,,,"[format=ascii]
[PRG_ValueIncluded=false]
[ExtraOption=NotAvailableFor]
classes=5,8,9,11,12"
QRMF,0x00,0x00,,,,,,,,,,,,,"[format=selection]
00=Disable
01=Enable"
QRLC,0x00,0x00,,,,,,,,,,,,,"[format=selection]
00=Variable-length decoding
01=Fixed-length decoding"
QRL2,0x1BB1,0x1BB1,,,,,,,,,,,,,"[format=range]
min=0000
max=0x1BB1
step=01
[PRG_ValueIncluded=false]"
QRL1,0x0001,0x0001,,,,,,,,,,,,,"[format=range]
min=0001
max=0x1BB1
step=01
[PRG_ValueIncluded=false]"
QRID,0x790000,0x515200,,0x550000,0x500000,,,,,,0x790000,,,0x500000,"[format=ascii]
padding=00
[PRG_ValueIncluded=false]"
QREN,0x01,0x01,,,,,,,,,,,,,"[format=selection]
00=Disable
01=Enable"
QRAI,0x00,0x00,,,,,,,,,,,,,"[format=selection]
00=Disable
01=Enable
[ExtraOption=NotAvailableFor]
classes=11"
PZID,0x245A00,0x245A00,,0x4D0000,,,,,,,,,,,"[format=ascii]
padding=00
[PRG_ValueIncluded=false]"
PZEN,0x00,0x00,,,,,,,,,,,,,"[format=selection]
00=Disable
01=Enable"
PWFZ,0xFFFF,0xFFFF,,,,,,,,,,,,,"[format=range]
min=0x0000
max=0xFFFF
step=0x01
[PRG_ValueIncluded=false]"
PWEY,05,05,,,,,,,,,,,,,"[format=selection]
01=F1
02=F2
03=F3
04=F4
05=F5"
PWEV,0x0000,0x0000,,,,,,,,,,,,,"[format=range]
min=0x0000
max=0x0FFF
step=01
[PRG_ValueIncluded=false]"
PWEU,0x0000,0x0000,,,,,,,,,,,,,"[format=range]
min=0x0000
max=0x0FFF
step=01
[PRG_ValueIncluded=false]"
PWET,0x0000,0x0000,,,,,,,,,,,,,"[format=range]
min=0x0000
max=0x0FFF
step=01
[PRG_ValueIncluded=false]"
PWES,0x0000,0x0000,,,,,,,,,,,,,"[format=range]
min=0x0000
max=0x0FFF
step=01
[PRG_ValueIncluded=false]"
PWER,01,01,,,,,,,,,,,,,"[format=selection]
00=Disabled
01=Enabled"
PWEQ,0x0000,0x0000,,,,,,,,,,,,,"[format=range]
min=0x0000
max=0x0FFF
step=01
[PRG_ValueIncluded=false]"
PWEP,0x53310000000000000000000000000000,0x53310000000000000000000000000000,,,,,,,,,,,,,[format=ascii]
PWEN,0x00,0x00,,,,,,,,,,,,,"[format=selection]
00=Disable
01=Enable 4-digit price-weight check-digit calculation
02=Enable 5-digit price-weight check-digit calculation
03=Enable European 4-digit price-weight check-digit calculation
04=Enable European 5-digit price-weight check-digit calculation"
PWEM,0x53340000000000000000000000000000,0x53340000000000000000000000000000,,,,,,,,,,,,,[format=ascii]
PWEL,0x53350000000000000000000000000000,0x53350000000000000000000000000000,,,,,,,,,,,,,[format=ascii]
PWEG,00000000000000000000000000000000,00000000000000000000000000000000,,,,,,,,,,,,,[format=ascii]
PWEF,00000000000000000000000000000000,00000000000000000000000000000000,,,,,,,,,,,,,[format=ascii]
PWED,00000000000000000000000000000000,00000000000000000000000000000000,,,,,,,,,,,,,[format=ascii]
PWEC,000000,000000,,,,,,,,,,,,,[format=ascii]
PWEB,000000,000000,,,,,,,,,,,,,[format=ascii]
PWEA,0x53330000000000000000000000000000,0x53330000000000000000000000000000,,,,,,,,,,,,,[format=ascii]
PSID,0x245800,0x245800,,,,,,,,,,,,,"[format=ascii]
padding=00
[PRG_ValueIncluded=false]"
PSAI,0x00,0x00,,,,,,,,,,,,,"[format=selection]
00=Disable
01=Enable
[ExtraOption=NotAvailableFor]
classes=11"
PRID,0x244D00,0x244D00,,,,,,,,,,,,,"[format=ascii]
padding=00
[PRG_ValueIncluded=false]"
PRAI,0x00,0x00,,,,,,,,,,,,,"[format=selection]
00=Disable
01=Enable
[ExtraOption=NotAvailableFor]
classes=11"
PPID,0x245700,0x245700,,,,,,,,,,,,,"[format=ascii]
padding=00
[PRG_ValueIncluded=false]"
PPAI,0x00,0x00,,,,,,,,,,,,,"[format=selection]
00=Disable
01=Enable
[ExtraOption=NotAvailableFor]
classes=11"
POEN,0x00,0x00,,,,,,,,,,,,,"[format=selection]
00=Disable
01=Postnet
02=Planet
03=Royal Mail
04=KIX
05=Australia Post
06=Japan Post
07=IMB
08=Sweden Post
09=Portugal Post"
POBB,0x00,0x00,,,,,,,,,,,,,"[format=selection]
00=Disable
01=Enable"
PNID,0x244C00,0x244C00,,,,,,,,,,,,,"[format=ascii]
padding=00
[PRG_ValueIncluded=false]"
PMID,0x245600,0x245600,,,,,,,,,,,,,"[format=ascii]
padding=00
[PRG_ValueIncluded=false]"
PMAI,0x00,0x00,,,,,,,,,,,,,"[format=selection]
00=Disable
01=Enable
[ExtraOption=NotAvailableFor]
classes=11"
PLST,00,00,,,,,,,,,,,,,"[format=selection]
00=Disable
01=Enable"
PLMR,04,04,,,,,,,,,,,,,"[format=range]
min=01
max=04
step=01
[PRG_ValueIncluded=false]"
PLLC,0x00,0x00,,,,,,,,,,,,,"[format=selection]
00=Variable-length decoding
01=Fixed-length decoding"
PLL2,0x32,0x32,,,,,,,,,,,,,"[format=range]
min=00
max=0x32
step=01
[PRG_ValueIncluded=false]"
PLL1,0x01,0x01,,,,,,,,,,,,,"[format=range]
min=01
max=0x32
step=01
[PRG_ValueIncluded=false]"
PLID,0x610000,0x610000,,0x4F0000,,0x612000,,,0x612000,,,,,,"[format=ascii]
padding=00
[PRG_ValueIncluded=false]"
PLEN,0x00,0x00,,,,,,,,,,,,,"[format=selection]
00=Disable
01=Enable"
PLDL,03,03,,,,,,,,,,,,,"[format=range]
min=00
max=05
step=01
[PRG_ValueIncluded=false]"
PLDA,03,03,,,,,,,,,,,,,"[format=range]
min=01
max=05
step=01
[PRG_ValueIncluded=false]"
PLCT,0x01,0x01,,,,,,,,,,,,,"[format=selection]
00=Disable
01=Enable"
PLCO,00,00,,,,,,,,,,,,,"[format=selection]
00=Disable
01=Enable"
PLCC,0x01,0x01,,,,,,,,,,,,,"[format=selection]
00=Disable
01=Plessey standard check character verification
02=Anker check char verification
03=Plessey std and Anker check char verification"
PLAI,0x00,0x00,,,,,,,,,,,,,"[format=selection]
00=Disable
01=Enable
[ExtraOption=NotAvailableFor]
classes=11"
PKID,0x245500,0x245500,,,,,,,,,,,,,"[format=ascii]
padding=00
[PRG_ValueIncluded=false]"
PKAI,0x00,0x00,,,,,,,,,,,,,"[format=selection]
00=Disable
01=Enable
[ExtraOption=NotAvailableFor]
classes=11"
PJID,0x245200,0x245200,,,,,,,,,,,,,"[format=ascii]
padding=00
[PRG_ValueIncluded=false]"
PJAI,0x00,0x00,,,,,,,,,,,,,"[format=selection]
00=Disable
01=Enable
[ExtraOption=NotAvailableFor]
classes=11"
PGID,0x245000,0x245000,,,,,,,,,,,,,"[format=ascii]
padding=00
[PRG_ValueIncluded=false]"
PGAI,0x00,0x00,,,,,,,,,,,,,"[format=selection]
00=Disable
01=Enable
[ExtraOption=NotAvailableFor]
classes=11"
PBAI,0x00,0x00,,,,,,,,,,,,,"[format=selection]
00=Disable
01=Enable
[ExtraOption=NotAvailableFor]
classes=11"
PAID,0x244B00,0x244B00,,,,,,,,,,,,,"[format=ascii]
padding=00
[PRG_ValueIncluded=false]"
PAAI,0x00,0x00,,,,,,,,,,,,,"[format=selection]
00=Disable
01=Enable
[ExtraOption=NotAvailableFor]
classes=11"
P4ZL,0x00,0x00,,,,,,,,,,,,,"[format=selection]
00=Disable
01=Enable"
P4SA,00,00,,,,,,,,,,,,,"[format=selection]
00=Disable
01=Enable"
P4MF,0x00,0x00,,,,,,,,,,,,,"[format=selection]
00=Disable
01=Enable"
P4LC,0x00,0x00,,,,,,,,,,,,,"[format=selection]
00=Variable-length decoding
01=Fixed-length decoding"
P4L2,0x0A96,0x0A96,,,,,,,,,,,,,"[format=range]
min=0000
max=0x0A96
step=01
[PRG_ValueIncluded=false]"
P4L1,0x0001,0x0001,,,,,,,,,,,,,"[format=range]
min=01
max=0x0A96
step=01
[PRG_ValueIncluded=false]"
P4ID,0x720000,0x500000,,0x510000,0x500000,0x502000,,,0x502000,,0x720000,,,0x500000,"[format=ascii]
padding=00
[PRG_ValueIncluded=false]"
P4EN,0x01,0x01,,,,,,,,,,,,,"[format=selection]
00=Disable
01=Enable"
P4AI,0x00,0x00,,,,,,,,,,,,,"[format=selection]
00=Disable
01=Enable
[ExtraOption=NotAvailableFor]
classes=11"
P3SS,0x00,0x00,,,0x01,,,,,,,,,0x01,"[format=selection]
00=Disable
01=Enable"
P3ID,0x580000,0x410000,,,0x410000,0x412000,,,0x412000,0x4D0000,0x580000,,,0x410000,"[format=ascii]
padding=00
[PRG_ValueIncluded=false]"
P3EN,0x00,0x00,,,,,,,,,,,,,"[format=selection]
00=Disable
01=Enable"
P3CT,0x00,0x00,,,0x01,,,,,,,,,0x01,"[format=selection]
00=Disable
01=Enable"
P3AI,0x00,0x00,,,,,,,,,,,,,"[format=selection]
00=Disable
01=Enable
[ExtraOption=NotAvailableFor]
classes=11"
OAID,0x246F00,0x246F00,,,,,,,,,,,,,
NRSS,00,00,,,,,,,,,,,,,"[format=selection]
00=Disable
01=Enable"
NORS,0000000000000000000000000000000000000000,0000000000000000000000000000000000000000,,,,,,,,,,,,,[format=ascii]
N2MR,01,01,,,,,,,,,,,,,"[format=range]
min=01
max=04
step=01
[PRG_ValueIncluded=false]"
N2MI,0x0000000000000000000000000000000000000000,0x0000000000000000000000000000000000000000,,,,,,,,,,,,,"[format=ascii]
padding=00
[PRG_ValueIncluded=false]
[ExtraOption=NotAvailableFor]
classes=11"
N2EN,0x00,0x00,,,,,,,,,,,,,"[format=selection]
00=Disable
01=Enable"
N2CT,0x00,0x00,,,,,,,,,,,,,"[format=selection]
00=Disable
01=Enable
[ExtraOption=NotAvailableFor]
classes=2,3,6,8,10,11,12"
N2C6,0x0321FF29FF,0x0321FF29FF,,,,,,,,,,,,,"[format=ascii]
padding=00
[PRG_ValueIncluded=false]"
N2C5,0x0321FF28FF,0x0321FF28FF,,,,,,,,,,,,,"[format=ascii]
padding=00
[PRG_ValueIncluded=false]"
N2C4,0x0321FF22FF,0x0321FF22FF,,,,,,,,,,,,,"[format=ascii]
padding=00
[PRG_ValueIncluded=false]"
N2C3,0x0321FF29FF,0x0321FF29FF,,,,,,,,,,,,,"[format=ascii]
padding=00
[PRG_ValueIncluded=false]"
N2C2,0x0321FF28FF,0x0321FF28FF,,,,,,,,,,,,,"[format=ascii]
padding=00
[PRG_ValueIncluded=false]"
N2C1,0x0321FF22FF,0x0321FF22FF,,,,,,,,,,,,,"[format=ascii]
padding=00
[PRG_ValueIncluded=false]"
MXPT,0x00,0x00,,,,,,,,,,,,,"[format=selection]
00=Disable
01=Enable"
MXLC,0x00,0x00,,,,,,,,,,,,,"[format=selection]
00=Variable-length decoding
01=Fixed-length decoding"
MXL2,0x0091,0x0091,,,,,,,,,,,,,"[format=range]
min=0000
max=0x0091
step=01
[PRG_ValueIncluded=false]"
MXL1,0x0001,0x0001,,,,,,,,,,,,,"[format=range]
min=01
max=0x0091
step=01
[PRG_ValueIncluded=false]"
MXID,0x780000,0x4D4300,,0x540000,0x500000,,,,,,0x780000,,,0x500000,"[format=ascii]
padding=00
[PRG_ValueIncluded=false]"
MXEN,0x00,0x00,,,,,,,,,,,,,"[format=selection]
00=Disable
01=Enable"
MXAI,0x00,0x00,,,,,,,,,,,,,"[format=selection]
00=Disable
01=Enable
[ExtraOption=NotAvailableFor]
classes=11"
MSMR,04,04,,,,,,,,,,,,,"[format=range]
min=01
max=04
step=01
[PRG_ValueIncluded=false]"
MSLC,0x00,0x00,,,,,,,,,,,,,"[format=selection]
00=Variable-length decoding
01=Fixed-length decoding"
MSL2,0x32,0x32,,,,,,,,,,,,,"[format=range]
min=00
max=0x32
step=01
[PRG_ValueIncluded=false]"
MSL1,0x01,0x01,,,,,,,,,,,,,"[format=range]
min=01
max=0x32
step=01
[PRG_ValueIncluded=false]"
MSID,0x5A0000,0x400000,,0x4F0000,0x400000,0x402000,,,0x402000,,0x5A0000,,,0x400000,"[format=ascii]
padding=00
[PRG_ValueIncluded=false]"
MSEN,0x00,0x00,,,,,,,,,,,,,"[format=selection]
00=Disable
01=Enable"
MSDL,03,03,,,,,,,,,,,,,"[format=range]
min=00
max=05
step=01
[PRG_ValueIncluded=false]"
MSDE,00,00,,,,,,,,,,,,,"[format=selection]
00=Skip
01=Don't Skip"
MSDA,03,03,,,,,,,,,,,,,"[format=range]
min=01
max=05
step=01
[PRG_ValueIncluded=false]"
MSCT,0x01,0x01,,,,,,,,,,,,,"[format=selection]
00=Disable
01=Enable"
MSCC,0x01,0x01,,,,,,,,,,,,,"[format=selection]
00=Disable
01=Mod10
02=Mod11/10
03=Mod10/10"
MSAI,0x00,0x00,,,,,,,,,,,,,"[format=selection]
00=Disable
01=Enable
[ExtraOption=NotAvailableFor]
classes=11"
MREN,,,,,,,,,,,,,,,"[format=selection]
00=Disable
01=Enable"
MQLC,0x00,0x00,,,,,,,,,,,,,"[format=selection]
00=Variable-length decoding
01=Fixed-length decoding"
MQL2,0x0023,0x0023,,,,,,,,,,,,,"[format=range]
min=0000
max=0x0023
step=01
[PRG_ValueIncluded=false]"
MQL1,0x0001,0x0001,,,,,,,,,,,,,"[format=range]
min=0001
max=0x0023
step=01
[PRG_ValueIncluded=false]"
MQID,0x245100,0x245100,,,0x500000,,,,,,,,,0x500000,"[format=ascii]
padding=00
[PRG_ValueIncluded=false]"
MQEN,0x00,0x00,,,,,,,,,,,,,"[format=selection]
00=Disable
01=Enable"
MQAI,0x00,0x00,,,,,,,,,,,,,"[format=selection]
00=Disable
01=Enable
[ExtraOption=NotAvailableFor]
classes=11"
MOTO,0x14,0x14,,,,,,,,,,,,,"[format=range]
min=05
max=0xFF
step=01
[PRG_ValueIncluded=false]"
MOSY,0x01,0x01,,,,,,,,,,,,,"[format=selection]
00=Low
01=Medium
02=High"
MOSI,0x01,0x01,,,,,,,,,,,,,"[format=selection]
00=Disable
01=Enable"
MOMD,0x01,0x01,,,,,,,,,,,,,"[format=selection]
00=Disable
01=Enable"
MOEN,01,01,,,,,,,,,,,,,"[format=selection]
00=Disable
01=Enable"
MIU8,0x00,0x00,,,,,,,,,,,,,"[format=selection]
00=Micro PDF AIM Id and label type when doing EAN128 or Code 128
01=Code 128 / EAN128 AIM Id and label type when doing EAN128 or Code 128 emulation"
MILC,0x00,0x00,,,,,,,,,,,,,"[format=selection]
00=Variable-length decoding
01=Fixed-length decoding"
MIL2,0x016E,0x016E,,,,,,,,,,,,,"[format=range]
min=0000
max=0x016E
step=01
[PRG_ValueIncluded=false]"
MIL1,0x0001,0x0001,,,,,,,,,,,,,"[format=range]
min=0001
max=0x016E
step=01
[PRG_ValueIncluded=false]"
MIID,0x380000,0x6D5000,,0x530000,0x500000,,,,,,0x380000,,,0x500000,"[format=ascii]
padding=00
[PRG_ValueIncluded=false]"
MIEN,0x00,0x00,,,,,,,,,,,,,"[format=selection]
00=Disable
01=Enable"
MIAI,0x00,0x00,,,,,,,,,,,,,"[format=selection]
00=Disable
01=Enable
[ExtraOption=NotAvailableFor]
classes=11"
MFFD,0x3C,0x3C,,,,,,,,,,,,,"[format=range]
min=00
max=0xFF
step=01
[PRG_ValueIncluded=false]"
M2LC,0x00,0x00,,,,,,,,,,,,,"[format=selection]
00=Variable-length decoding
01=Fixed-length decoding"
M2L2,0x32,0x32,,,,,,,,,,,,,"[format=range]
min=00
max=0x32
step=01
[PRG_ValueIncluded=false]"
M2L1,0x01,0x01,,,,,,,,,,,,,"[format=range]
min=01
max=0x32
step=01
[PRG_ValueIncluded=false]"
M2ID,0x670000,0x670000,,0x480000,,0x672000,,,0x672000,,,,,,"[format=ascii]
padding=00
[PRG_ValueIncluded=false]"
M2EN,0x00,0x00,,,,,,,,,,,,,"[format=selection]
00=Disable
01=Enable"
M2CT,0x01,0x01,,,,,,,,,,,,,"[format=selection]
00=Disable
01=Enable"
M2CC,0x00,0x00,,,,,,,,,,,,,"[format=selection]
00=Disable
01=Enable"
M2AI,0x00,0x00,,,,,,,,,,,,,"[format=selection]
00=Disable
01=Enable
[ExtraOption=NotAvailableFor]
classes=11"
LSTO,0x0A,0x0A,,,,,,,,,,,,,"[format=range]
min=00
max=0xF0
step=01
[PRG_ValueIncluded=false]"
LSTM,0x00,0x00,,,,,,,,,,,,,"[format=range]
min=00
max=0xFF
step=01
[PRG_ValueIncluded=false]"
LSSP,0x01,0x01,,,,,,,,,,,,,"[format=selection]
00= Disable
01= Short (300 ms)
02= Medium (500 ms)
03= Long (800 ms)"
LPID,0x246100,0x246100,,0x4D0000,,,,,,,,,,,"[format=ascii]
padding=00
[PRG_ValueIncluded=false]"
LPEN,0x00,0x00,,,,,,,,,,,,,"[format=selection]
00=Disable
01=Enable"
LOTM,0x02,0x02,,,,,,,,,,,,,"[format=range]
min=00
max=0x09
step=01
[PRG_ValueIncluded=false]"
LFSU,0x0D00000000000000000000000000000000000000,0x0D00000000000000000000000000000000000000,,,0x0000000000000000000000000000000000000000,0x0000000000000000000000000000000000000000,,,0x0000000000000000000000000000000000000000,0x0000000000000000000000000000000000000000,,0x0000000000000000000000000000000000000000,,0x0000000000000000000000000000000000000000,"[format=ascii]
padding=00
[PRG_ValueIncluded=false]
[ExtraOption=NotAvailableFor]
classes=8"
LFPR,0x0000000000000000000000000000000000000000,0x0000000000000000000000000000000000000000,,,,,,,,,,,,,"[format=ascii]
padding=00
[PRG_ValueIncluded=false]
[ExtraOption=NotAvailableFor]
classes=8"
LFCV,00,00,,,,,,,,,,,,,"[format=selection]
00=Disable
01=Wrong string transmission
02 =Wrong Label transmission"
LFCH,0xFFFFFFFFFFFFFFFF,0xFFFFFFFFFFFFFFFF,,0x0D60FFFFFFFFFFFF,,,,,,,,,,,"[format=ascii]
padding=0xFF
[PRG_ValueIncluded=false]"
LFCA,0x00,0x00,,,,,,,,,,,,,"[format=selection]
00=No Case Conversion
01=Upper Case
02=Lower Case"
LEGC,0x0000,0x0000,,,,,,,,,,,,,"[format=range]
min=0000
max=0xFFFF
step=01
[PRG_ValueIncluded=false]"
LEEN,0x00,0x00,,,,,,,,,,,,,"[format=selection]
00=Disable
01=Enable"
LCID,0x690000,0x524C00,,0x450000,0x524C00,,,,,,,,,0x524C00,"[format=ascii]
padding=00
[PRG_ValueIncluded=false]"
LCAI,0x00,0x00,,,,,,,,,,,,,"[format=selection]
00=Disable
01=Enable
[ExtraOption=NotAvailableFor]
classes=11"
LBU8,0x00,0x00,,,,,,,,,,,,,"[format=selection]
00=Disable
01=Enable"
LBMR,01,01,,,,,,,,,,,,,"[format=range]
min=01
max=04
step=01
[PRG_ValueIncluded=false]"
LBEN,0x00,0x00,,,0x01,,,,,,,,,0x01,"[format=selection]
00=Disable
01=Enable"
LBDA,03,03,,,,,,,,,,,,,"[format=range]
min=01
max=05
step=01
[PRG_ValueIncluded=false]"
LBAI,0x00,0x00,,,,,,,,,,,,,"[format=selection]
00=Disable
01=Enable
[ExtraOption=NotAvailableFor]
classes=11"
LB2D,0x00,0x00,,,,,,,,,,,,,"[format=selection]
00=Disable
01=Enable legacy transmission
02=Enable ISO24723 compatible transmission"
LAGL,0x03,0x03,,,,,,,,,,,,,"[format=range]
min=00
max=0xFF
step=01
[PRG_ValueIncluded=false]"
L,00,00,,,,,,,,,,,,,"[format=selection]
00=Disable
01=Enable leading noise
02=Enable trailing noise
03=Enable leading and trailing noise"
KBSP,0x01,0x01,,,,,,,,,,,,,"[format=range]
min=01
max=0x0A
step=01
[PRG_ValueIncluded=false]
[ExtraOption=NotAvailableFor]
classes=2,3,4,5,8,9,10,11"
KBSC,0x00,0x00,,,,,,,,,,,,,"[format=selection]
00=Send Ctrl+Key
01=Send Ctrl+Shift+Key 
02=Send Special function key"
KBQI,0x0A,0x0A,,,,,,,,,,,,,"[format=range]
min=00
max=0x63
step=01
[PRG_ValueIncluded=false]
[ExtraOption=NotAvailableFor]
classes=2,3,4,5,8,9,10,11"
KBNL,0x00,0x00,,,,,,,,,,,,,"[format=selection]
00=Numlock key unchanged
01=Numlock key toggled
[ExtraOption=NotAvailableFor]
classes=2,3,4,5,8,9,10,11"
KBKP,0x00,0x00,,,,,,,,,,,,,"[format=selection]
00=Standard Keys
01=Numeric Keypad"
KBID,0x00,0x00,,,,,,,,,,,,,"[format=range]
min=00
max=0x63
step=01
[PRG_ValueIncluded=false]
[ExtraOption=NotAvailableFor]
classes=2,3,4,5,8,9,10,11"
KBCO,0x00,0x00,,,,,,,,,,,,,
KBCL,0x00,0x00,,,,,,,,,,,,,"[format=selection]
00=CAPS LOCK OFF
01=CAPS LOCK ON
02=Auto CAPSLOCK enable
[ExtraOption=NotAvailableFor]
classes=2,3,4,5,8,9,10,11"
ISID,0x400000,0x490000,,0x410000,0x490000,0x492000,,,0x492000,,0x400000,,,0x490000,"[format=ascii]
padding=00
[PRG_ValueIncluded=false]"
ISAI,0x00,0x00,,,,,,,,,,,,,"[format=selection]
00=Disable
01=Enable
[ExtraOption=NotAvailableFor]
classes=11"
IPVS,01,01,,,,,,,,,,,,,"[format=selection]
00=Disable
01=Enable"
IPVR,0x00,0x00,,,,,,,,,,,,,"[format=selection]
00=Disable
01=Enable"
IPTM,0x0032,0x0032,,,,,,,,,,,,,"[format=range]
min=0001
max=0x004E
step=01
[PRG_ValueIncluded=false]"
IPTL,0x0004,0x0004,,,,,,,,,,,,,"[format=range]
min=0001
max=0x004E
step=01
[PRG_ValueIncluded=false]"
IPRS,00,00,,,,,,,,,,,,,"[format=selection]
00=Disabled
01=Enabled"
IPQF,0x5A,0x5A,,,,,,,,,,,,,"[format=range]
min=00
max=0x64
step=01
[PRG_ValueIncluded=false]
[ExtraOption=NotAvailableFor]
classes=11"
IPPL,01,01,,,,,,,,,,,,,"[format=selection]
00=Disabled
01=Enabled"
IPNR,0x00,0x00,,,,,,,,,,,,,"[format=selection]
00=Normal
01=Inverse
02=Both Normal and Inverse"
IPLE,0x01,0x01,,,,,,,,,,,,,"[format=selection]
00=Disable
01=Enable
02=Toggle every other Frame"
IPLD,0x00,0x00,,,,,,,,,,,,,"[format=range]
min=00
max=0xFF
step=01
[PRG_ValueIncluded=false]"
IPHR,01,01,,,,,,,,,,,,,"[format=selection]
00=Disable
01=Enable"
IPFI,0x00,0x00,,,,,,,,,,,,,"[format=selection]
00=Jpeg Format
01=Tiff Format
02=BMP Format
[ExtraOption=NotAvailableFor]
classes=11"
IPDA,01,01,,,,,,,,,,,,,"[format=selection]
00=Disable
01=Enable"
IPCV,0x19,0x19,,,,,,,,,,,,,"[format=range]
min=00
max=0x64
step=01
[PRG_ValueIncluded=false]
[ExtraOption=NotAvailableFor]
classes=11"
IPCL,0x03,0x03,,,,,,,,,,,,,"[format=selection]
01=Minimum Level
02=Medium Level
03=Maximum Level
[ExtraOption=NotAvailableFor]
classes=11"
IPCD,0x00,0x00,,,,,,,,,,,,,"[format=selection]
00=Increase Value
01=Decrease Value
[ExtraOption=NotAvailableFor]
classes=11"
IPBV,0x19,0x19,,,,,,,,,,,,,"[format=range]
min=00
max=0x64
step=01
[PRG_ValueIncluded=false]
[ExtraOption=NotAvailableFor]
classes=11"
IPBD,0x00,0x00,,,,,,,,,,,,,"[format=selection]
00=Increase Value
01=Decrease Value
[ExtraOption=NotAvailableFor]
classes=11"
INMR,02,02,,,,,,,,,,,,,"[format=range]
min=01
max=04
step=01
[PRG_ValueIncluded=false]"
INID,0x6E0000,0x6E0000,,,,,,,,,,,,,"[format=ascii]
padding=00
[PRG_ValueIncluded=false]"
INAI,0x00,0x00,,,,,,,,,,,,,"[format=selection]
00=Disable
01=Enable
[ExtraOption=NotAvailableFor]
classes=11"
IFO1,0x00,0x00,,,,0x02,,,,,,0x02,,,"[format=selection]
00=Obey Scanner Configuration Host Commands
02=Ignore Scanner Configuration Host Commands
[PRG_ValueIncluded=false]"
IFML,0x00,0x00,,,,,,,,,,,,,"[format=range]
min=00
max=0xF6
step=01
[PRG_ValueIncluded=false]"
IFIH,0x00,0x00,,,,,,,,,,,,,"[format=selection]
00=Obey (Do not ignore host commands)
01=Ignore"
IDCO,0x00,0x00,,0x01,0x01,,,,,0x01,0x01,,,0x01,"[format=selection]
00=Disable
01=Prefix
02=Suffix
[ExtraOption=NotAvailableFor]
classes=5,8,11"
IBUT,0x01,0x01,,,,,,n.a.,,,,,,,"[format=selection]
00=Table-top Scanner
01=Hand-held Scanner
[ExtraOption=NotAvailableFor]
classes=2,3,4,6,8,9,10,12"
IBHR,0x06,0x06,,,,,,,,,,,,,"[format=range]
min=01
max=0x0F
step=01
[PRG_ValueIncluded=false]"
IBC3,00,00,,,,,,,,,,,,,"[format=selection]
00=IBM std format
01=Mixed IBM std + Code39 format
02=All Code39 format"
IAID,0x260000,0x494100,,0x490000,0x494100,,,,,,0x260000,,,0x494100,"[format=ascii]
padding=00
[PRG_ValueIncluded=false]"
IAEN,0x00,0x00,,,,,,,,,,,,,"[format=selection]
00=Disable
01=Enable"
IACT,0x01,0x01,,,,,,,,,,,,,"[format=selection]
00=Disable
01=Enable"
IAAI,0x00,0x00,,,,,,,,,,,,,"[format=selection]
00=Disable
01=Enable
[ExtraOption=NotAvailableFor]
classes=11"
I8LF,0x0000,0x0000,,,,,,,,,,,,,
I8LE,0x0000,0x0000,,,,,,,,,,,,,
I8LD,0x0000,0x0000,,,,,,,,,,,,,
I8LC,0x0000,0x0000,,,,,,,,,,,,,
I8LB,0x0000,0x0000,,,,,,,,,,,,,
I8LA,0x0000,0x0000,,,,,,,,,,,,,
I8L9,0x0000,0x0000,,,,,,,,,,,,,
I8L8,0x0000,0x0000,,,,,,,,,,,,,
I8L7,0x0000,0x0000,,,,,,,,,,,,,
I8L6,0x0000,0x0000,,,,,,,,,,,,,
I8L5,0x0000,0x0000,,,,,,,,,,,,,
I8L4,0x0000,0x0000,,,,,,,,,,,,,
I8L3,0x0000,0x0000,,,,,,,,,,,,,
I8L2,0x0000,0x0000,,,,,,,,,,,,,
I8L1,0x0000,0x0000,,,,,,,,,,,,,
I8L0,0x0000,0x0000,,,,,,,,,,,,,
I8ID,0x660000,0x660000,,0x4B0000,,0x662000,,,0x662000,,,,,,"[format=ascii]
padding=00
[PRG_ValueIncluded=false]"
I8FC,0x00,0x00,,,,,,,,,,,,,"[format=selection]
00=Disable
01=Enable"
I8DT,0x14,0x14,,,,,,,,,,,,,"[format=range]
min=05
max=0xFF
step=01
[PRG_ValueIncluded=false]"
I8CM,0x00,0x00,,,,,,,,,,,,,"[format=selection]
00=Static
01=Dynamic"
I8CE,0x00,0x00,,,,,,,,,,,,,"[format=selection]
00=Disable
01=Enable"
I8AI,0x00,0x00,,,,,,,,,,,,,"[format=selection]
00=Disable
01=Enable
[ExtraOption=NotAvailableFor]
classes=11"
I2ZP,00,00,,,,,,,,,,,,,"[format=selection]
00=Disable
01=Enable"
I2ST,00,00,,,,,,,,,,,,,"[format=selection]
00=Disable
01=Enable"
I2MR,02,02,,,,,,,,,,,,,"[format=range]
min=01
max=04
step=01
[PRG_ValueIncluded=false]"
I2LC,0x00,0x00,,,,,,,,,,,,,"[format=selection]
00=Variable-length decoding
01=Fixed-length decoding"
I2L2,0x32,0x32,,,,,,,,0x10,,,,,"[format=selection]
0x00=0
0x02=2
0x04=4
0x06=6
0x08=8
0x0A=10
0x0C=12
0x0E=14
0x10=16
0x12=18
0x14=20
0x16=22
0x18=24
0x1A=26
0x1C=28
0x1E=30
0x20=32
0x22=34
0x24=36
0x26=38
0x28=40
0x2A=42
0x2C=44
0x2E=46
0x30=48
0x32=50
[PRG_ValueIncluded=false]"
I2L1,0x06,0x06,,,,,,,,0x08,,,,,"[format=selection]
0x02=2
0x04=4
0x06=6
0x08=8
0x0A=10
0x0C=12
0x0E=14
0x10=16
0x12=18
0x14=20
0x16=22
0x18=24
0x1A=26
0x1C=28
0x1E=30
0x20=32
0x22=34
0x24=36
0x26=38
0x28=40
0x2A=42
0x2C=44
0x2E=46
0x30=48
0x32=50
[PRG_ValueIncluded=false]"
I2ID,0x4E0000,0x690000,,0x490000,0x690000,0x692000,,,0x692000,0x490000,0x4E0000,,,0x690000,"[format=ascii]
padding=00
[PRG_ValueIncluded=false]"
I2EN,0x00,0x00,,,,,,,,0x01,,,,,"[format=selection]
00=Disable
01=Enable"
I2DL,03,03,,,,,,,,,,,,,"[format=range]
min=00
max=05
step=01
[PRG_ValueIncluded=false]"
I2DA,0x03,0x03,,,,,,,,0x01,,,,,"[format=range]
min=01
max=05
step=01
[PRG_ValueIncluded=false]"
I2CT,0x01,0x01,,,,,,,,,,,,,"[format=selection]
00=Disable
01=Enable"
I2CO,00,00,,,,,,,,,,,,,"[format=selection]
00=Disable
01=Enable"
I2CC,0x00,0x00,,,,,,,,,,,,,"[format=selection]
0x00=Disable
0x01=Check Standard (Modulo 10)
0x02=Check German Parcel
0x04=Check DHL
0x08=Check Daimler Chrysler
0x10=Check Bosch
0x20=Check Italian Post
[PRG_ValueIncluded=false]"
I2AI,0x00,0x00,,,,,,,,,,,,,"[format=selection]
00=Disable
01=Enable
[ExtraOption=NotAvailableFor]
classes=11"
HRID,0x650000,0x650000,,0x490000,,,,,,,,,,,"[format=ascii]
padding=00
[PRG_ValueIncluded=false]"
HRAI,0x00,0x00,,,,,,,,,,,,,"[format=selection]
00=Disable
01=Enable
[ExtraOption=NotAvailableFor]
classes=11"
GQID,0x247100,0x514700,0x514700,0x580000,0x500000,0x514700,0x514700,,0x514700,0x514700,0x247100,,0x514700,0x500000,"[format=ascii]
padding=00
[PRG_ValueIncluded=false]"
GDID,0x247700,0x446700,0x446700,0x570000,0x500000,0x446700,0x446700,,0x446700,0x446700,0x247700,,0x446700,0x500000,"[format=ascii]
padding=00
[PRG_ValueIncluded=false]"
GBID,0x244100,0x470000,,,0x470000,0x472000,,,0x472000,,0x244100,,,0x470000,"[format=ascii]
padding=00
[PRG_ValueIncluded=false]"
GBEN,0x00,0x00,,,,,,,,,,,,,"[format=selection]
00=Disable
01=Enable
[ExtraOption=NotAvailableFor]
classes=11"
GBAI,0x00,0x00,,,,,,,,,,,,,"[format=selection]
00=Disable
01=Enable
[ExtraOption=NotAvailableFor]
classes=11"
G8ID,0x244400,0x473800,0x473800,0x473800,,n.a.,0x473800,,,,0x244400,,,,"[format=ascii]

[PRG_ValueIncluded=false]"
G8AI,00,00,,,,,,,,,,n.a.,,,"[format=selection]
00=Disable
01=Enable"
G5ID,0x244300,0x473500,,,0x473500,,,,,,0x244300,,,0x473500,"[format=ascii]
padding=00
[PRG_ValueIncluded=false]"
G5AI,0x00,0x00,,,,,,,,,,,,,"[format=selection]
00=Disable
01=Enable
[ExtraOption=NotAvailableFor]
classes=11"
G2ID,0x244200,0x473200,,,0x473200,,,,,,0x244200,,,0x473200,"[format=ascii]
padding=00
[PRG_ValueIncluded=false]"
G2AI,0x00,0x00,,,,,,,,,,,,,"[format=selection]
00=Disable
01=Enable
[ExtraOption=NotAvailableFor]
classes=11"
FAPM,0x01,0x01,,,,,,,,,,,,,"[format=selection]
00=Disable
01=Enable"
FAOE,0x00,0x00,,,,,,,,,,,,,"[format=selection]
00=Disable
01=Enable"
F2ID,0x4F0000,0x4F0000,,,,,,,,,,,,,"[format=ascii]
padding=00
[PRG_ValueIncluded=false]"
F2EN,0x00,0x00,,,,,,,,,,,,,"[format=selection]
00=Disable
01=Enable"
F2AI,0x00,0x00,,,,,,,,,,,,,"[format=selection]
00=Disable
01=Enable
[ExtraOption=NotAvailableFor]
classes=11"
EMID,0x244A00,0x450000,,0x430000,0x450000,,,,,,0x244A00,,,0x450000,"[format=ascii]
padding=00
[PRG_ValueIncluded=false]"
ECAI,0x00,0x00,,,,,,,,,,,,,"[format=selection]
00=Disable
01=Enable
[ExtraOption=NotAvailableFor]
classes=11"
EBNS,0x01,0x01,,,,,,,,,,,,,"[format=selection]
00=Disable
01=Enable"
EBMR,02,02,,,,,,,,,,,,,"[format=range]
min=01
max=04
step=01
[PRG_ValueIncluded=false]"
EBID,0x440000,0x450000,,0x430000,0x450000,0x452000,,,0x452000,0x450000,0x440000,,,0x450000,"[format=ascii]
padding=00
[PRG_ValueIncluded=false]"
EBEN,0x01,0x01,,,,,,,,,,,,,"[format=selection]
00=Disable
01=Enable"
EBCT,0x01,0x01,,0x00,,,,,,0x00,,,,,"[format=selection]
00=Disable
01=Enable"
EBAI,0x00,0x00,,,,,,,,,,,,,"[format=selection]
00=Disable
01=Enable
[ExtraOption=NotAvailableFor]
classes=11"
EBAB,0x00,0x00,,,,,,,,,,,,,"[format=selection]
00=Disable
01=Enable"
EB3B,0x00,0x00,,,,,,,,,,,,,"[format=selection]
00=Disable
01=Enable"
EB2D,0x00,0x00,,,,,,,,,,,,,"[format=selection]
00=Disable
01=Enable legacy transmission
02=Enable ISO24723 compatible transmission"
E8ID,0x450000,0x450000,,0x430000,,n.a.,,,,,,,,,"[format=ascii]

[PRG_ValueIncluded=false]"
E8AI,00,00,,,,,,,,,,,,,"[format=selection]
00=Disable
01=Enable"
E5ID,0x490000,0x450000,,0x430000,0x450000,0x452000,,,0x452000,0x450000,0x490000,,,0x450000,"[format=ascii]
padding=00
[PRG_ValueIncluded=false]"
E5AI,0x00,0x00,,,,,,,,,,,,,"[format=selection]
00=Disable
01=Enable
[ExtraOption=NotAvailableFor]
classes=11"
E2ID,0x480000,0x450000,,0x430000,0x450000,0x452000,,,0x452000,0x450000,0x480000,,,0x450000,"[format=ascii]
padding=00
[PRG_ValueIncluded=false]"
E2AI,0x00,0x00,,,,,,,,,,,,,"[format=selection]
00=Disable
01=Enable
[ExtraOption=NotAvailableFor]
classes=11"
DYMD,0x000000130101,0x000000130101,,,,,,,,,,,,,"[format=custom]
[field YY]
size=16
display=year (decade from 2000)
[format=range]
min=00
max=99
step=01
[valueSent=int]
[/field YY]
[field MM]
size=16
display=month
[format=range]
min=01
max=0x0C
step=01
[valueSent=int]
[/field MM]
[field DD]
size=16
display=day
[format=range]
min=01
max=0x1F
step=01
[valueSent=int]
[/field DD]"
DTXF,00,00,,,,,,,,,,,,,"[format=selection]
00= yyyy-mm-dd (ISO  8601).
01=yyyymmdd
02=mmddyyyy.
03=ddmmyyyy."
DSLC,00,00,,,,,,,,,,,,,"[format=selection]
00=Variable length decoding
01=Fixed-length decoding"
DSL2,0x32,0x32,,,,,,,,,,,,,"[format=range]
min=00
max=0x32
step=01
[PRG_ValueIncluded=false]"
DSL1,0x08,0x08,,,,,,,,,,,,,"[format=range]
min=01
max=0x32
step=01
[PRG_ValueIncluded=false]"
DSEN,00,00,,,,,,,,,,,,,"[format=selection]
00=Disable
01=Enable"
DSCT,00,00,,,,,,,,,,,,,"[format=selection]
00=Disable
01=Enable"
DSCC,00,00,,,,,,,,,,,,,"[format=selection]
00=Disable
01=Enable"
DPID,0x245900,0x245900,,0x4D0000,,,,,,,,,,,"[format=ascii]
padding=00
[PRG_ValueIncluded=false]"
DPEN,0x00,0x00,,,,,,,,,,,,,"[format=selection]
00=Disable
01=Enable"
DOEN,00,00,,,,,,,,,,,,,"[format=selection]
00=Disable
01=Enable"
DMLC,0x00,0x00,,,,,,,,,,,,,"[format=selection]
00=Variable-length decoding
01=Fixed-length decoding"
DML2,0x0C2C,0x0C2C,,,0x028A,,,,,,,,,0x028A,"[format=range]
min=0000
max=0x0C2C
step=01
[PRG_ValueIncluded=false]"
DML1,0x0001,0x0001,,,,,,,,,,,,,"[format=range]
min=0001
max=0x0C2C
step=01
[PRG_ValueIncluded=false]"
DMID,0x770000,0x446D00,,0x520000,0x500000,,,,,,0x770000,,,0x500000,"[format=ascii]
padding=00
[PRG_ValueIncluded=false]"
DMEN,0x01,0x01,,,,,,,,,,,,,"[format=selection]
00=Disable
01=Enable
[ExtraOption=ExtraValuesAccepted]
values=02"
DMDM,0x3FFFFFFF,0x3FFFFFFF,,,,,,,,,,,,,"[format=selection]
0x3FFF0BDF=Square Style
0x0000F420=Rectangular Style
0x3FFFFFFF=Both Square and Rectangular Style

[PRG_ValueIncluded=false]"
DMDA,0x01,0x01,,,,,,,,,,,,,"[format=range]
min=01
max=05
step=01
[PRG_ValueIncluded=false]"
DMAI,0x00,0x00,,,,,,,,,,,,,"[format=selection]
00=Disable
01=Enable
[ExtraOption=NotAvailableFor]
classes=11"
DIOT,0x08,0x08,,,,,,,,,,,,,"[format=range]
min=00
max=0x63
step=01
[PRG_ValueIncluded=false]"
DIMD,00,00,,,,,,,,,,,,,"[format=selection]
00=Local Echo
01=Normal
02=Clear Display After Decode"
DIKS,0x3C3D3E,0x3C3D3E,,,,,,,,,,,,,"[format=ascii]

[PRG_ValueIncluded=false]"
DIFS,00,00,,,,,,,,,,,,,"[format=selection]
00=Small
01=Medium
02=Large"
DICT,10,10,,,,,,,,,,,,,"[format=range]

[PRG_ValueIncluded=false]"
DIBL,00,00,,,,,,,,,,,,,"[format=selection]
00=Off
01=On"
DIAC,00,00,,,,,,,,,,,,,"[format=selection]
00=Shift Mode
01=String Mode"
DGT3,0x00,0x00,,,,,,,,,,,,,"[format=range]
min=00
max=0xFF
step=01
[PRG_ValueIncluded=false]"
DGT2,0x64,0x64,,,,,,,,,,,,,"[format=range]
min=00
max=0xFF
step=01
[PRG_ValueIncluded=false]"
DGT1,0x00,0x00,,,,,,,,,,,,,"[format=range]
min=00
max=0xFF
step=01
[PRG_ValueIncluded=false]"
DGMD,0x01,0x01,,,,,,,,,,,,,"[format=selection]
00=Disable
01=Enable"
DETM,0x23,0x23,,,,,,,,,,,,,"[format=range]
min=01
max=0xFF
step=01
[PRG_ValueIncluded=false]"
DESA,0x00,0x00,,,,,,,,,,,,,"[format=selection]
00=Disable
01=Enable"
DEML,00,00,,,,,,,,,,,,,"[format=selection]
00=Disable
01=Enable"
DAUS,0x55700000000000000000000000000000,0x55700000000000000000000000000000,,,,,,,,,,,,,"[format=ascii]

[PRG_ValueIncluded=false]"
DADS,0x44776000000000000000000000000000,0x44776000000000000000000000000000,,,,,,,,,,,,,"[format=ascii]

[PRG_ValueIncluded=false]"
D2ST,00,00,,,,,,,,,,,,,"[format=selection]
00=Disable
01=Enable"
D2MR,02,02,,,,,,,,,,,,,"[format=range]
min=01
max=04
step=01
[PRG_ValueIncluded=false]"
D2LC,0x00,0x00,,,,,,,,,,,,,"[format=selection]
00=Variable-length decoding
01=Fixed-length decoding"
D2L2,0x32,0x32,,,,,,,,,,,,,"[format=range]
min=00
max=0x32
step=01
except=01
[PRG_ValueIncluded=false]"
D2L1,0x06,0x06,,,,,,,,,,,,,"[format=range]
min=02
max=0x32
step=01
[PRG_ValueIncluded=false]"
D2IR,0x04,0x04,,,,,,,,,,,,,"[format=range]
min=00
max=0x0A
step=01
[PRG_ValueIncluded=false]"
D2ID,0x730000,0x730000,,0x480000,,0x732000,,,0x732000,,,,,,"[format=ascii]

[PRG_ValueIncluded=false]"
D2EN,0x00,0x00,,,,,,,,,,,,,"[format=selection]
00=Disable
01=Enable"
D2CT,0x01,0x01,,,,,,,,,,,,,"[format=selection]
00=Disable
01=Enable"
D2CO,00,00,,,,,,,,,,,,,"[format=selection]
00=Disable
01=Enable"
D2CC,0x00,0x00,,,,,,,,,,,,,"[format=selection]
00=Disable
01=Enable"
D2AI,0x00,0x00,,,,,,,,,,,,,"[format=selection]
00=Disable
01=Enable
[ExtraOption=NotAvailableFor]
classes=11"
CTID,0x245400,0x245400,,,,,,,,,,,,,"[format=ascii]
padding=00
[PRG_ValueIncluded=false]"
CTEN,0x00,0x00,,,,,,,,,,,,,"[format=selection]
00=Disable
01=Enable"
CTAI,0x00,0x00,,,,,,,,,,,,,"[format=selection]
00=Disable
01=Enable
[ExtraOption=NotAvailableFor]
classes=11"
CSLC,0x00,0x00,,,,,,,,,,,,,"[format=selection]
00=Variable-length decoding
01=Fixed-length decoding"
CSL2,0x1E93,0x1E93,,,,,,,,,,,,,"[format=range]
min=0000
max=0x1E93
step=01
[PRG_ValueIncluded=false]"
CSL1,0x0001,0x0001,,,,,,,,,,,,,"[format=range]
min=0001
max=0x1E93
step=01
[PRG_ValueIncluded=false]"
CSID,0x245300,0x245300,,,,,,,,,,,,,"[format=ascii]
padding=00
[PRG_ValueIncluded=false]"
CSEN,0x00,0x00,,,,,,,,,,,,,"[format=selection]
00=Disable
01=Enable"
CSAI,0x00,0x00,,,,,,,,,,,,,"[format=selection]
00=Disable
01=Enable
[ExtraOption=NotAvailableFor]
classes=11"
CRID,0x340000,0x340000,,,,,,,,,,,,,"[format=ascii]

[PRG_ValueIncluded=false]"
CRHD,0x01,0x01,,,,,,,,,,,,,"[format=selection]
00=Disable
01=Enable"
CREN,0x00,0x00,,,,,,,,,,,,,"[format=selection]
00=Disable
01=Enable"
CRCT,0x01,0x01,,,,,,,,,,,,,"[format=selection]
00=Disable
01=Enable"
CRAI,0x00,0x00,,,,,,,,,,n.a.,,,"[format=selection]
00=Disable
01=Enable"
CPCL,0x01,0x01,,,0x00,,,,,0x00,,,,0x00,"[format=selection]
00=Allow all coupon barcodes to be decoded
01=Enable only UPC-A coupon decoding
02=Enable only GS1 DataBar coupon decoding"
COVS,0000000000000000000000000000000000000000000000000000000000000000,0000000000000000000000000000000000000000000000000000000000000000,,,,,,,,,,,,,[format=ascii]
CNAS,00,00,,,,,,,,,,,,,"[format=selection]
00=Disable
01=Enable"
CNAD,0x00,0x00,,,,,,,,,,,,,"[format=range]
min=00
max=0xFF
step=01
[PRG_ValueIncluded=false]"
CMOT,0x07,0x07,,,,,,,,,,,,,"[format=range]
min=00
max=0x1E
step=01
[PRG_ValueIncluded=false]"
CMEN,0x00,0x00,,,,,,,,,,,,,"[format=selection]
00=Disable
01=Enable"
CHEN,0x00,0x00,,,,,,,,,,,,,"[format=selection]
00=Disable
01=Enable"
CFLC,0x00,0x00,,,,,,,,,,,,,"[format=selection]
00=Variable-length decoding
01=Fixed-length decoding"
CFL2,0x64,0x64,,,,,,,,,,,,,"[format=range]
min=00
max=0xFF
step=01
[PRG_ValueIncluded=false]"
CFL1,0x03,0x03,,,,,,,,,,,,,"[format=range]
min=03
max=0xFF
step=01
except=01;02
[PRG_ValueIncluded=false]"
CFID,0x6D0000,0x6C0000,,,,0x6C2000,,,0x6C2000,,0x6D0000,,,,"[format=ascii]

[PRG_ValueIncluded=false]"
CFEN,0x00,0x00,,,,,,,,,,,,,"[format=selection]
00=Disable
01=Enable"
CFEA,0x00,0x00,,,,,,,,,,,,,"[format=selection]
00=Disable
01=Enable"
CFAI,0x00,0x00,,,,,,,,,,n.a.,,,"[format=selection]
00=Disable
01=Enable"
CFAC,0x01,0x01,,,,,,,,,,,,,"[format=selection]
00=not AIM compliant
01=AIM compliant"
CCID,0x590000,0x590000,,0x4D0000,,0x592000,,,0x592000,0x4D0000,,,,,"[format=ascii]
padding=00
[PRG_ValueIncluded=false]"
CCEN,0x00,0x00,,,,,,,,,,,,,"[format=selection]
00=Disable
01=Enable"
CCAI,0x00,0x00,,,,,,,,,,,,,"[format=selection]
00=Disable
01=Enable
[ExtraOption=NotAvailableFor]
classes=11"
CBST,00,00,,,,,,,,,,,,,"[format=selection]
00=Disable
01=Enable"
CBSS,0x01,0x01,,,,,,,,0x00,,,,,"[format=selection]
00=Disable
01=Enable"
CBSM,0x00,0x00,,,,,,,,,,,,,"[format=selection]
00=Disable
01=Enable"
CBSC,0x03,0x03,,,0x01,,,,,,,,,0x01,"[format=selection]
00=ABCD/TN*E
01=ABCD/ABCD
02=abcd/tn*e
03=abcd/abcd"
CBMR,02,02,,,,,,,,,,,,,"[format=range]
min=01
max=04
step=01
[PRG_ValueIncluded=false]"
CBLO,0x02,0x02,,,,,,,,,,,,,"[format=selection]
01=Quiet zone on one side
02=Quiet zones on two sides
03=Auto
04=Virtual quiet zone on two sides
05=Small quiet zone on two sides"
CBLC,0x00,0x00,,,,,,,,,,,,,"[format=selection]
00=Variable-length decoding
01=Fixed-length decoding"
CBL2,0x32,0x32,,,,,,,,0x10,,,,,"[format=range]
min=00
max=0x32
step=01
except=01,02
[PRG_ValueIncluded=false]"
CBL1,0x03,0x03,,,,,,,,0x08,,,,,"[format=range]
min=03
max=0x32
step=01
[PRG_ValueIncluded=false]"
CBIR,0x04,0x04,,,,,,,,,,,,,"[format=range]
min=00
max=0x0A
step=01
[PRG_ValueIncluded=false]"
CBID,0x520000,0x250000,,0x4E0000,0x250000,0x252000,,,0x252000,0x4E0000,0x520000,,,0x250000,"[format=ascii]
padding=00
[PRG_ValueIncluded=false]"
CBFC,0x00,0x00,,,,,,,,,,,,,"[format=selection]
00=Disable
01=Enable"
CBEN,0x00,0x00,,,,,,,,,,,,,"[format=selection]
00=Disable
01=Enable"
CBDT,0x14,0x14,,,,,,,,,,,,,"[format=range]
min=05
max=0xFF
step=01
[PRG_ValueIncluded=false]"
CBDL,03,03,,,,,,,,,,,,,"[format=range]
min=00
max=05
step=01
[PRG_ValueIncluded=false]"
CBDA,0x03,0x03,,,,,,,,0x01,,,,,"[format=range]
min=01
max=05
step=01
[PRG_ValueIncluded=false]"
CBCT,0x01,0x01,,,,,,,,0x00,,,,,"[format=selection]
00=Disable
01=Enable"
CBCO,00,00,,,,,,,,,,,,,"[format=selection]
00=Disable
01=Enable"
CBCM,0x00,0x00,,,,,,,,,,,,,"[format=selection]
00=Static
01=Dynamic"
CBCC,0x00,0x00,,,,,,,,,,,,,"[format=selection]
00=Disable
01=Enable AIM standard check character
02=Enable Modulo 10 check char
03=Enable NW-7

[PRG_ValueIncluded=false]"
CBAI,0x00,0x00,,,,,,,,,,,,,"[format=selection]
00=Disable
01=Enable
[ExtraOption=NotAvailableFor]
classes=11"
CBAB,0x00,0x00,,,,,,,,,,,,,"[format=selection]
00=Disable
01=Enable"
CALC,00,00,,,,,,,,,,,,,"[format=selection]
00=Variable-length decoding
01=Fixed-length decoding"
CAL2,0x64,0x64,,,,,,,,,,,,,"[format=range]
min=00
max=0xFF
step=01
except=01;02
[PRG_ValueIncluded=false]"
CAL1,0x03,0x03,,,,,,,,,,,,,"[format=range]
min=03
max=0xFF
step=01
[PRG_ValueIncluded=false]"
CAID,0x6E0000,0x6E0000,,,,,,,,,,,,,"[format=ascii]
padding=00
[PRG_ValueIncluded=false]"
CAEN,00,00,,,,,,,,,,,,,"[format=selection]
00=Disable
01=Enable"
C9ST,01,01,,,,,,,,,,,,,"[format=selection]
00=Disable
01=Enable"
C9MR,01,01,,,,,,,,,,,,,"[format=range]
min=01
max=04
step=01
[PRG_ValueIncluded=false]"
C9LO,0x03,0x03,,,,,,,0x00,0x02,,,,,"[format=selection]
00=No quiet zones
01=Quiet zone on one side
02=Quiet zones on two sides
03=Auto
04=Virtual quiet zones on two sides"
C9LC,0x00,0x00,,,,,,,,,,,,,"[format=selection]
00=Variable-length decoding
01=Fixed-length decoding"
C9L2,0x32,0x32,,,,,,,,0x10,,,,,"[format=range]
min=00
max=0x32
step=01
[PRG_ValueIncluded=false]"
C9L1,0x01,0x01,,,,,,,,0x08,,,,,"[format=range]
min=01
max=0x32
step=01
[PRG_ValueIncluded=false]"
C9ID,0x550000,0x260000,,0x4C0000,0x500000,0x262000,,,0x262000,0x4C0000,0x550000,,,0x500000,"[format=ascii]
padding=00
[PRG_ValueIncluded=false]"
C9EN,0x00,0x00,,,,,,,,,,,,,"[format=selection]
00=Disable
01=Enable"
C9DL,03,03,,,,,,,,,,,,,"[format=range]
min=00
max=05
step=01
[PRG_ValueIncluded=false]"
C9DA,03,03,,,,,,,,,,,,,"[format=range]
min=01
max=05
step=01
[PRG_ValueIncluded=false]"
C9CT,0x00,0x00,,,,,,,,,,,,,"[format=selection]
00=Disable
01=Enable"
C9CO,00,00,,,,,,,,,,,,,"[format=selection]
00=Disable
01=Enable"
C9CC,0x03,0x03,,,,,,,,,,,,,"[format=selection]
00=Disable
01=check C
02=check K
03=Check C and K"
C9AI,0x00,0x00,,,,,,,,,,,,,"[format=selection]
00=Disable
01=Enable
[ExtraOption=NotAvailableFor]
classes=11"
C8TF,0x00,0x00,,,,,,,,,,,,,"[format=selection]
00=Disable
01=Enable"
C8ST,01,01,,,,,,,,,,,,,"[format=selection]
00=Disable
01=Enable"
C8SC,00,00,,,,,,,,,,,,,"[format=selection]
00=Disable
01=Enable"
C8MR,01,01,,,,,,,,,,,,,"[format=range]
min=01
max=04
step=01
[PRG_ValueIncluded=false]"
C8LO,0x03,0x03,,,,,,,0x00,0x02,,,,,"[format=selection]
00=no quiet zones
01=quiet zone on one side
02=quiet zones on two sides
03=Auto
04=virtual quiet zones on two sides"
C8LC,0x00,0x00,,,,,,,,,,,,,"[format=selection]
00=Variable-length decoding
01=Fixed-length decoding"
C8L2,0x50,0x50,,,,,,,,0x2E,,,,,"[format=range]
min=00
max=0x50
step=01
[PRG_ValueIncluded=false]"
C8L1,0x01,0x01,,,,,,,,0x08,,,,,"[format=range]
min=01
max=0x50
step=01
[PRG_ValueIncluded=false]"
C8ID,0x540000,0x230000,,0x4B0000,0x230000,0x232000,,,0x232000,0x4B0000,0x540000,,,0x230000,"[format=ascii]
padding=00
[PRG_ValueIncluded=false]"
C8EN,0x01,0x01,,,,,,,,,,,,,"[format=selection]
00=Disable
01=Enable
[ExtraOption=ExtraValuesAccepted]
values=02"
C8DL,03,03,,,,,,,,,,,,,"[format=range]
min=00
max=05
step=01
[PRG_ValueIncluded=false]"
C8DA,0x03,0x03,,,,,,,,0x01,,,,,"[format=range]
min=01
max=05
step=01
[PRG_ValueIncluded=false]"
C8CT,0x00,0x00,,,,,,,,,,,,,"[format=selection]
00=Disable
01=Enable"
C8CO,00,00,,,,,,,,,,,,,"[format=selection]
00=Disable
01=Enable"
C8C3,0x00,0x00,,,,,,,,,,,,,"[format=selection]
00=Disable
01=Enable"
C8AI,0x00,0x00,,,,,,,,,,,,,"[format=selection]
00=Disable
01=Enable
[ExtraOption=NotAvailableFor]
classes=11"
C7ID,0x244E00,0x244E00,,0x4E0000,,,,,,,,,,,"[format=ascii]
padding=00
[PRG_ValueIncluded=false]"
C7AI,0x00,0x00,,,,,,,,,,,,,"[format=selection]
00=Disable
01=Enable
[ExtraOption=NotAvailableFor]
classes=11"
C6ID,0x700000,0x700000,,,,,,,,,,,,,"[format=ascii]
padding=00
[PRG_ValueIncluded=false]"
C5MR,0x01,0x01,,,,,,,,,,,,,"[format=selection]
0x01=One Read
0x02=Two Reads
0x03=Three Reads
0x04=Four Reads
[PRG_ValueIncluded=false]"
C5ID,0x6A0000,0x6A0000,,,,,,,,,,,,,"[format=ascii]

[PRG_ValueIncluded=false]"
C5HD,0x01,0x01,,,,,,,,,,,,,"[format=selection]
00=Disable
01=Enable"
C5EN,0x00,0x00,,,,,,,,,,,,,"[format=selection]
00=Disable
01=Enable"
